Start time: 1376316817.34, Players: 1
End time: 1376316912.28, Score: 1300
Player,Time,HR
Black,2013-08-12 10:13:37.299380,101.594917297
Black,2013-08-12 10:13:37.373621,101.169830322
Black,2013-08-12 10:13:37.442366,100.779136658
Black,2013-08-12 10:13:37.522151,100.39478302
Black,2013-08-12 10:13:37.590861,99.9590759277
Black,2013-08-12 10:13:37.669460,99.5452804565
Black,2013-08-12 10:13:37.757364,99.0679168701
Black,2013-08-12 10:13:37.843693,98.5950469971
Black,2013-08-12 10:13:37.926287,98.1382598877
Black,2013-08-12 10:13:38.006217,100.957672119
Black,2013-08-12 10:13:38.085661,100.539337158
Black,2013-08-12 10:13:38.160742,100.133270264
Black,2013-08-12 10:13:38.239131,99.7052536011
Black,2013-08-12 10:13:38.319523,99.2905502319
Black,2013-08-12 10:13:38.407126,98.8498764038
Black,2013-08-12 10:13:38.471232,98.4807891846
Black,2013-08-12 10:13:38.545399,98.0891647339
Black,2013-08-12 10:13:38.626298,97.6879959106
Black,2013-08-12 10:13:38.717159,97.2430725098
Black,2013-08-12 10:13:38.792371,99.9556427002
Black,2013-08-12 10:13:38.879890,99.536026001
Black,2013-08-12 10:13:38.968002,99.0864639282
Black,2013-08-12 10:13:39.057224,98.6182174683
Black,2013-08-12 10:13:39.136479,98.2102890015
Black,2013-08-12 10:13:39.219921,97.7981872559
Black,2013-08-12 10:13:39.299748,97.3975067139
Black,2013-08-12 10:13:39.382156,96.9779663086
Black,2013-08-12 10:13:39.470845,96.5778121948
Black,2013-08-12 10:13:39.553124,96.1616516113
Black,2013-08-12 10:13:39.640464,95.7445220947
Black,2013-08-12 10:13:39.728261,95.3291778564
Black,2013-08-12 10:13:39.815689,97.8755264282
Black,2013-08-12 10:13:39.901775,97.4748916626
Black,2013-08-12 10:13:39.981172,97.082862854
Black,2013-08-12 10:13:40.059434,96.7092666626
Black,2013-08-12 10:13:40.147293,96.3043136597
Black,2013-08-12 10:13:40.226794,95.9217529297
Black,2013-08-12 10:13:40.310018,95.5434341431
Black,2013-08-12 10:13:40.391752,95.1634521484
Black,2013-08-12 10:13:40.473946,94.7813644409
Black,2013-08-12 10:13:40.556839,94.4162368774
Black,2013-08-12 10:13:40.638392,94.0528259277
Black,2013-08-12 10:13:40.719811,96.5445632935
Black,2013-08-12 10:13:40.800612,96.1578598022
Black,2013-08-12 10:13:40.896739,95.7188720703
Black,2013-08-12 10:13:40.982148,95.3462371826
Black,2013-08-12 10:13:41.067712,94.9615936279
Black,2013-08-12 10:13:41.153938,94.597328186
Black,2013-08-12 10:13:41.236240,94.2108688354
Black,2013-08-12 10:13:41.323431,93.8572158813
Black,2013-08-12 10:13:41.404272,93.5005493164
Black,2013-08-12 10:13:41.487024,93.1506881714
Black,2013-08-12 10:13:41.572285,92.7933197021
Black,2013-08-12 10:13:41.656437,92.4245452881
Black,2013-08-12 10:13:41.735635,94.8086471558
Black,2013-08-12 10:13:41.813536,94.47706604
Black,2013-08-12 10:13:41.893912,94.1273574829
Black,2013-08-12 10:13:41.978339,93.7921676636
Black,2013-08-12 10:13:42.063369,93.4235534668
Black,2013-08-12 10:13:42.145164,93.0925750732
Black,2013-08-12 10:13:42.231353,92.7397079468
Black,2013-08-12 10:13:42.317154,92.385345459
Black,2013-08-12 10:13:42.392848,92.0704956055
Black,2013-08-12 10:13:42.475412,91.7470169067
Black,2013-08-12 10:13:42.555166,91.4184799194
Black,2013-08-12 10:13:42.639450,91.1025161743
Black,2013-08-12 10:13:42.728760,93.3755645752
Black,2013-08-12 10:13:42.811145,93.0048599243
Black,2013-08-12 10:13:42.897148,92.6726074219
Black,2013-08-12 10:13:42.976493,92.3451385498
Black,2013-08-12 10:13:43.057105,92.0349121094
Black,2013-08-12 10:13:43.133807,91.721496582
Black,2013-08-12 10:13:43.216223,91.3948440552
Black,2013-08-12 10:13:43.300875,91.0836639404
Black,2013-08-12 10:13:43.378607,90.7843704224
Black,2013-08-12 10:13:43.460242,90.4761962891
Black,2013-08-12 10:13:43.545376,90.1607894897
Black,2013-08-12 10:13:43.631627,89.8367996216
Black,2013-08-12 10:13:43.718598,89.5138931274
Black,2013-08-12 10:13:43.803159,91.6687927246
Black,2013-08-12 10:13:43.893055,91.3420410156
Black,2013-08-12 10:13:43.972585,91.0291061401
Black,2013-08-12 10:13:44.056654,90.7176818848
Black,2013-08-12 10:13:44.143190,90.4245071411
Black,2013-08-12 10:13:44.218346,90.1216049194
Black,2013-08-12 10:13:44.300301,89.8269577026
Black,2013-08-12 10:13:44.382001,89.5292053223
Black,2013-08-12 10:13:44.460779,89.2404632568
Black,2013-08-12 10:13:44.544234,88.9566116333
Black,2013-08-12 10:13:44.623472,88.6687850952
Black,2013-08-12 10:13:44.713981,88.3526992798
Black,2013-08-12 10:13:44.794460,88.0568847656
Black,2013-08-12 10:13:44.870962,90.1706619263
Black,2013-08-12 10:13:44.951667,89.8885269165
Black,2013-08-12 10:13:45.033015,89.6032943726
Black,2013-08-12 10:13:45.114852,89.3108901978
Black,2013-08-12 10:13:45.195799,89.0248413086
Black,2013-08-12 10:13:45.279417,88.7509536743
Black,2013-08-12 10:13:45.358190,88.4770126343
Black,2013-08-12 10:13:45.438880,88.1901931763
Black,2013-08-12 10:13:45.521606,87.9110794067
Black,2013-08-12 10:13:45.604347,87.6282730103
Black,2013-08-12 10:13:45.688567,87.3500366211
Black,2013-08-12 10:13:45.775817,87.0694503784
Black,2013-08-12 10:13:45.848337,86.8076934814
Black,2013-08-12 10:13:45.931877,88.8143920898
Black,2013-08-12 10:13:46.011060,88.543800354
Black,2013-08-12 10:13:46.092415,88.2909545898
Black,2013-08-12 10:13:46.179488,87.9936828613
Black,2013-08-12 10:13:46.261368,87.7197875977
Black,2013-08-12 10:13:46.343547,87.4587249756
Black,2013-08-12 10:13:46.424451,87.1932067871
Black,2013-08-12 10:13:46.515525,86.9096984863
Black,2013-08-12 10:13:46.596679,86.637878418
Black,2013-08-12 10:13:46.690963,86.3248596191
Black,2013-08-12 10:13:46.771690,86.0750656128
Black,2013-08-12 10:13:46.858735,85.8106384277
Black,2013-08-12 10:13:46.949559,85.5177078247
Black,2013-08-12 10:13:47.032195,85.2537841797
Black,2013-08-12 10:13:47.117048,87.1826019287
Black,2013-08-12 10:13:47.197761,86.9182434082
Black,2013-08-12 10:13:47.280820,86.6601638794
Black,2013-08-12 10:13:47.365903,86.3940734863
Black,2013-08-12 10:13:47.452637,86.1280975342
Black,2013-08-12 10:13:47.534453,85.8685913086
Black,2013-08-12 10:13:47.624075,85.6126708984
Black,2013-08-12 10:13:47.712258,85.3356246948
Black,2013-08-12 10:13:47.797900,85.0717163086
Black,2013-08-12 10:13:47.882578,84.8200073242
Black,2013-08-12 10:13:47.967348,84.5717544556
Black,2013-08-12 10:13:48.051499,84.3224182129
Black,2013-08-12 10:13:48.131684,84.0782089233
Black,2013-08-12 10:13:48.212745,83.8401031494
Black,2013-08-12 10:13:48.296361,85.6885910034
Black,2013-08-12 10:13:48.375508,85.4440307617
Black,2013-08-12 10:13:48.457047,85.2021636963
Black,2013-08-12 10:13:48.542341,84.9577713013
Black,2013-08-12 10:13:48.622077,84.7155227661
Black,2013-08-12 10:13:48.703611,84.4837493896
Black,2013-08-12 10:13:48.800392,84.2201080322
Black,2013-08-12 10:13:48.898154,83.9335327148
Black,2013-08-12 10:13:49.006387,83.6322784424
Black,2013-08-12 10:13:49.105755,83.3458862305
Black,2013-08-12 10:13:49.208207,83.0754852295
Black,2013-08-12 10:13:49.302941,82.7981719971
Black,2013-08-12 10:13:49.392170,82.5420227051
Black,2013-08-12 10:13:49.479323,82.2970199585
Black,2013-08-12 10:13:49.570933,82.047958374
Black,2013-08-12 10:13:49.656462,81.8119812012
Black,2013-08-12 10:13:49.740159,81.5828933716
Black,2013-08-12 10:13:49.824703,83.3351974487
Black,2013-08-12 10:13:49.909609,83.1063995361
Black,2013-08-12 10:13:49.990790,82.8763198853
Black,2013-08-12 10:13:50.072784,82.6543731689
Black,2013-08-12 10:13:50.157277,82.4306259155
Black,2013-08-12 10:13:50.241178,82.2012329102
Black,2013-08-12 10:13:50.322654,81.9830627441
Black,2013-08-12 10:13:50.405945,81.7641296387
Black,2013-08-12 10:13:50.492632,81.5445632935
Black,2013-08-12 10:13:50.574002,81.3175964355
Black,2013-08-12 10:13:50.664306,81.0849304199
Black,2013-08-12 10:13:50.747201,80.8697738647
Black,2013-08-12 10:13:50.828979,80.6555709839
Black,2013-08-12 10:13:50.915615,80.4399490356
Black,2013-08-12 10:13:51.005820,80.200553894
Black,2013-08-12 10:13:51.092280,79.9848480225
Black,2013-08-12 10:13:51.182055,81.6585006714
Black,2013-08-12 10:13:51.262722,81.4447250366
Black,2013-08-12 10:13:51.344847,81.2329788208
Black,2013-08-12 10:13:51.429557,81.0198287964
Black,2013-08-12 10:13:51.514946,80.8082504272
Black,2013-08-12 10:13:51.595579,80.6007995605
Black,2013-08-12 10:13:51.676590,80.3916625977
Black,2013-08-12 10:13:51.764348,80.1876525879
Black,2013-08-12 10:13:51.852792,79.9693450928
Black,2013-08-12 10:13:51.942664,79.7436904907
Black,2013-08-12 10:13:52.031941,79.5267181396
Black,2013-08-12 10:13:52.117867,79.3132553101
Black,2013-08-12 10:13:52.207636,79.098449707
Black,2013-08-12 10:13:52.298293,78.8765106201
Black,2013-08-12 10:13:52.386710,78.6732254028
Black,2013-08-12 10:13:52.472433,78.4532623291
Black,2013-08-12 10:13:52.557651,80.0823059082
Black,2013-08-12 10:13:52.640331,79.872177124
Black,2013-08-12 10:13:52.721883,79.6733932495
Black,2013-08-12 10:13:52.803312,79.4727935791
Black,2013-08-12 10:13:52.890470,79.2765274048
Black,2013-08-12 10:13:52.970683,79.0785064697
Black,2013-08-12 10:13:53.052908,78.8800125122
Black,2013-08-12 10:13:53.136794,78.6853103638
Black,2013-08-12 10:13:53.224347,78.4846572876
Black,2013-08-12 10:13:53.310112,78.2845001221
Black,2013-08-12 10:13:53.392801,78.0918960571
Black,2013-08-12 10:13:53.481505,77.8963699341
Black,2013-08-12 10:13:53.566686,77.6942596436
Black,2013-08-12 10:13:53.655272,77.4972076416
Black,2013-08-12 10:13:53.739747,77.2982940674
Black,2013-08-12 10:13:53.821023,77.1103286743
Black,2013-08-12 10:13:53.910966,159.410873413
Black,2013-08-12 10:13:53.990674,159.314834595
Black,2013-08-12 10:13:54.077527,50.7558670044
Black,2013-08-12 10:13:54.162391,50.7635955811
Black,2013-08-12 10:13:54.243420,50.7537193298
Black,2013-08-12 10:13:54.323354,50.7406425476
Black,2013-08-12 10:13:54.426023,50.7120819092
Black,2013-08-12 10:13:54.508687,50.7009048462
Black,2013-08-12 10:13:54.590211,50.6814727783
Black,2013-08-12 10:13:54.677745,50.6577148438
Black,2013-08-12 10:13:54.757192,50.6559066772
Black,2013-08-12 10:13:54.839924,50.6629066467
Black,2013-08-12 10:13:54.923236,50.6453590393
Black,2013-08-12 10:13:55.010748,50.610824585
Black,2013-08-12 10:13:55.102728,50.6004981995
Black,2013-08-12 10:13:55.190838,50.5850372314
Black,2013-08-12 10:13:55.284109,50.5664367676
Black,2013-08-12 10:13:55.365487,50.5378456116
Black,2013-08-12 10:13:55.446667,50.5209922791
Black,2013-08-12 10:13:55.534063,50.5230293274
Black,2013-08-12 10:13:55.627398,50.5137062073
Black,2013-08-12 10:13:55.713731,50.4816589355
Black,2013-08-12 10:13:55.799480,50.4818115234
Black,2013-08-12 10:13:55.884065,50.4719810486
Black,2013-08-12 10:13:55.965061,50.4521942139
Black,2013-08-12 10:13:56.054373,50.4394111633
Black,2013-08-12 10:13:56.132859,50.4361534119
Black,2013-08-12 10:13:56.222554,50.415019989
Black,2013-08-12 10:13:56.315828,50.3897895813
Black,2013-08-12 10:13:56.403240,50.3818016052
Black,2013-08-12 10:13:56.491215,50.3598899841
Black,2013-08-12 10:13:56.578531,50.3391838074
Black,2013-08-12 10:13:56.665729,50.3382797241
Black,2013-08-12 10:13:56.747789,50.3385620117
Black,2013-08-12 10:13:56.835485,50.3194313049
Black,2013-08-12 10:13:56.921908,50.3094558716
Black,2013-08-12 10:13:57.004972,50.3111495972
Black,2013-08-12 10:13:57.089312,50.2857475281
Black,2013-08-12 10:13:57.171060,50.2856903076
Black,2013-08-12 10:13:57.265632,50.276889801
Black,2013-08-12 10:13:57.390299,50.194026947
Black,2013-08-12 10:13:57.481702,50.1777153015
Black,2013-08-12 10:13:57.570265,50.1624603271
Black,2013-08-12 10:13:57.656360,50.1450119019
Black,2013-08-12 10:13:57.737239,50.1249160767
Black,2013-08-12 10:13:57.822698,50.1257095337
Black,2013-08-12 10:13:57.914492,50.1132469177
Black,2013-08-12 10:13:58.000639,50.0813751221
Black,2013-08-12 10:13:58.081107,50.0736083984
Black,2013-08-12 10:13:58.165709,50.0791473389
Black,2013-08-12 10:13:58.251335,50.0553474426
Black,2013-08-12 10:13:58.339127,50.02394104
Black,2013-08-12 10:13:58.424701,50.0159873962
Black,2013-08-12 10:13:58.510598,50.0018577576
Black,2013-08-12 10:13:58.599891,51.6977882385
Black,2013-08-12 10:13:58.683055,51.6700935364
Black,2013-08-12 10:13:58.762979,51.6473655701
Black,2013-08-12 10:13:58.848235,51.6253509521
Black,2013-08-12 10:13:58.937507,51.5945510864
Black,2013-08-12 10:13:59.022240,51.5688476562
Black,2013-08-12 10:13:59.106119,51.553276062
Black,2013-08-12 10:13:59.192343,51.5288581848
Black,2013-08-12 10:13:59.277472,51.5089073181
Black,2013-08-12 10:13:59.362392,51.4971733093
Black,2013-08-12 10:13:59.448764,51.4750595093
Black,2013-08-12 10:13:59.534530,51.4470291138
Black,2013-08-12 10:13:59.621474,51.4211425781
Black,2013-08-12 10:13:59.704245,51.4038543701
Black,2013-08-12 10:13:59.789477,51.3792381287
Black,2013-08-12 10:13:59.871320,51.3624687195
Black,2013-08-12 10:13:59.957692,51.3383979797
Black,2013-08-12 10:14:00.043723,51.3073387146
Black,2013-08-12 10:14:00.135265,51.2756767273
Black,2013-08-12 10:14:00.221564,51.2477340698
Black,2013-08-12 10:14:00.308830,51.2211418152
Black,2013-08-12 10:14:00.395348,51.1923217773
Black,2013-08-12 10:14:00.480021,51.1742095947
Black,2013-08-12 10:14:00.564478,51.1515388489
Black,2013-08-12 10:14:00.648224,51.1228294373
Black,2013-08-12 10:14:00.737843,51.098526001
Black,2013-08-12 10:14:00.819317,51.0869369507
Black,2013-08-12 10:14:00.904394,51.0648727417
Black,2013-08-12 10:14:00.989254,51.0461120605
Black,2013-08-12 10:14:01.079081,51.0241775513
Black,2013-08-12 10:14:01.168574,50.9931106567
Black,2013-08-12 10:14:01.259802,50.9647331238
Black,2013-08-12 10:14:01.341129,50.9395446777
Black,2013-08-12 10:14:01.429292,50.9483642578
Black,2013-08-12 10:14:01.511566,50.9294624329
Black,2013-08-12 10:14:01.597000,50.914188385
Black,2013-08-12 10:14:01.684945,50.8874435425
Black,2013-08-12 10:14:01.772160,50.8666992188
Black,2013-08-12 10:14:01.858084,50.8428688049
Black,2013-08-12 10:14:01.951040,50.8155136108
Black,2013-08-12 10:14:02.033093,50.7909049988
Black,2013-08-12 10:14:02.117379,50.7683563232
Black,2013-08-12 10:14:02.202315,50.7525253296
Black,2013-08-12 10:14:02.290446,50.7317276001
Black,2013-08-12 10:14:02.378445,50.7055892944
Black,2013-08-12 10:14:02.464826,50.6926498413
Black,2013-08-12 10:14:02.552723,50.6787261963
Black,2013-08-12 10:14:02.654394,50.6614570618
Black,2013-08-12 10:14:02.734727,50.6309700012
Black,2013-08-12 10:14:02.822311,50.6147880554
Black,2013-08-12 10:14:02.916740,50.5788841248
Black,2013-08-12 10:14:03.005756,50.5558433533
Black,2013-08-12 10:14:03.091871,50.5430870056
Black,2013-08-12 10:14:03.179371,50.5184059143
Black,2013-08-12 10:14:03.264657,50.5067253113
Black,2013-08-12 10:14:03.348018,50.4877166748
Black,2013-08-12 10:14:03.437289,50.8082008362
Black,2013-08-12 10:14:03.525534,50.7861061096
Black,2013-08-12 10:14:03.610110,50.7680969238
Black,2013-08-12 10:14:03.701992,50.8649978638
Black,2013-08-12 10:14:03.793203,50.9334068298
Black,2013-08-12 10:14:03.878230,50.9101371765
Black,2013-08-12 10:14:03.976610,50.8795509338
Black,2013-08-12 10:14:04.060873,50.8692092896
Black,2013-08-12 10:14:04.147952,50.9010162354
Black,2013-08-12 10:14:04.241431,50.8947257996
Black,2013-08-12 10:14:04.325986,50.8648300171
Black,2013-08-12 10:14:04.418170,50.8317832947
Black,2013-08-12 10:14:04.505680,50.7999954224
Black,2013-08-12 10:14:04.591370,50.7796134949
Black,2013-08-12 10:14:04.682257,50.7565574646
Black,2013-08-12 10:14:04.773953,50.7173156738
Black,2013-08-12 10:14:04.861472,50.7033805847
Black,2013-08-12 10:14:04.944782,50.6841430664
Black,2013-08-12 10:14:05.030358,50.6597976685
Black,2013-08-12 10:14:05.120204,50.6342849731
Black,2013-08-12 10:14:05.207807,50.6016197205
Black,2013-08-12 10:14:05.297760,50.7090835571
Black,2013-08-12 10:14:05.378410,50.693031311
Black,2013-08-12 10:14:05.459224,50.6741943359
Black,2013-08-12 10:14:05.540258,50.6568489075
Black,2013-08-12 10:14:05.623233,50.6434783936
Black,2013-08-12 10:14:05.707538,50.6189613342
Black,2013-08-12 10:14:05.788262,50.6021499634
Black,2013-08-12 10:14:05.873108,50.5816917419
Black,2013-08-12 10:14:05.953089,50.5594329834
Black,2013-08-12 10:14:06.044083,50.5845222473
Black,2013-08-12 10:14:06.126328,50.5629653931
Black,2013-08-12 10:14:06.211903,50.5468177795
Black,2013-08-12 10:14:06.296008,50.5228462219
Black,2013-08-12 10:14:06.389112,50.4951667786
Black,2013-08-12 10:14:06.466950,50.4868049622
Black,2013-08-12 10:14:06.549264,50.4990158081
Black,2013-08-12 10:14:06.636316,50.5084953308
Black,2013-08-12 10:14:06.718188,50.5578155518
Black,2013-08-12 10:14:06.801571,50.5421829224
Black,2013-08-12 10:14:06.884326,50.5236778259
Black,2013-08-12 10:14:06.967214,50.5161781311
Black,2013-08-12 10:14:07.071532,50.4859352112
Black,2013-08-12 10:14:07.151834,50.4493560791
Black,2013-08-12 10:14:07.252606,50.4483604431
Black,2013-08-12 10:14:07.340595,50.4989204407
Black,2013-08-12 10:14:07.426859,50.4930076599
Black,2013-08-12 10:14:07.504125,50.5112571716
Black,2013-08-12 10:14:07.586586,50.5246124268
Black,2013-08-12 10:14:07.667811,50.5096168518
Black,2013-08-12 10:14:07.748860,50.5013275146
Black,2013-08-12 10:14:07.827452,50.4928665161
Black,2013-08-12 10:14:07.910907,50.4843597412
Black,2013-08-12 10:14:07.996741,50.4617042542
Black,2013-08-12 10:14:08.076604,50.4720153809
Black,2013-08-12 10:14:08.161265,50.4888343811
Black,2013-08-12 10:14:08.241918,50.4698295593
Black,2013-08-12 10:14:08.326665,50.4723968506
Black,2013-08-12 10:14:08.408211,50.4509010315
Black,2013-08-12 10:14:08.490068,50.4356231689
Black,2013-08-12 10:14:08.571886,50.4167709351
Black,2013-08-12 10:14:08.657394,50.3961334229
Black,2013-08-12 10:14:08.736012,50.3834037781
Black,2013-08-12 10:14:08.820947,50.3621330261
Black,2013-08-12 10:14:08.906371,50.4946479797
Black,2013-08-12 10:14:08.990362,50.5291748047
Black,2013-08-12 10:14:09.074700,50.5646018982
Black,2013-08-12 10:14:09.161298,50.5369300842
Black,2013-08-12 10:14:09.245814,50.5078582764
Black,2013-08-12 10:14:09.328745,50.4932289124
Black,2013-08-12 10:14:09.412269,50.4723815918
Black,2013-08-12 10:14:09.488182,50.4620552063
Black,2013-08-12 10:14:09.571462,50.4504051208
Black,2013-08-12 10:14:09.655675,50.4328117371
Black,2013-08-12 10:14:09.737532,50.4166412354
Black,2013-08-12 10:14:09.819895,50.4000167847
Black,2013-08-12 10:14:09.899132,50.3866539001
Black,2013-08-12 10:14:09.982314,50.3660316467
Black,2013-08-12 10:14:10.064523,50.3523635864
Black,2013-08-12 10:14:10.145488,50.3317527771
Black,2013-08-12 10:14:10.227340,50.3201599121
Black,2013-08-12 10:14:10.308891,50.3635902405
Black,2013-08-12 10:14:10.390494,50.3535194397
Black,2013-08-12 10:14:10.470633,50.3390769958
Black,2013-08-12 10:14:10.550926,50.3250999451
Black,2013-08-12 10:14:10.644092,50.3067207336
Black,2013-08-12 10:14:10.724631,50.2847328186
Black,2013-08-12 10:14:10.804372,50.2632102966
Black,2013-08-12 10:14:10.888475,50.2509689331
Black,2013-08-12 10:14:10.968421,50.2364959717
Black,2013-08-12 10:14:11.057390,50.2158126831
Black,2013-08-12 10:14:11.136309,50.1956748962
Black,2013-08-12 10:14:11.217068,50.1811752319
Black,2013-08-12 10:14:11.303526,50.1682929993
Black,2013-08-12 10:14:11.390943,50.1654014587
Black,2013-08-12 10:14:11.471697,50.1512145996
Black,2013-08-12 10:14:11.547706,50.1353530884
Black,2013-08-12 10:14:11.628724,50.1239471436
Black,2013-08-12 10:14:11.712072,50.1069412231
Black,2013-08-12 10:14:11.791681,50.0949058533
Black,2013-08-12 10:14:11.872989,50.083065033
Black,2013-08-12 10:14:11.957624,50.0794677734
Black,2013-08-12 10:14:12.037935,50.0907821655
Black,2013-08-12 10:14:12.125401,50.0949211121
Black,2013-08-12 10:14:12.213200,50.0882110596
Black,2013-08-12 10:14:12.297273,50.0853996277
Black,2013-08-12 10:14:12.377869,50.0894470215
Black,2013-08-12 10:14:12.457432,50.0970573425
Black,2013-08-12 10:14:12.535998,50.1078071594
Black,2013-08-12 10:14:12.615665,50.1255722046
Black,2013-08-12 10:14:12.692934,50.1309776306
Black,2013-08-12 10:14:12.772153,50.1493301392
Black,2013-08-12 10:14:12.850939,50.1523017883
Black,2013-08-12 10:14:12.932400,50.1591949463
Black,2013-08-12 10:14:13.018180,50.167339325
Black,2013-08-12 10:14:13.102336,50.1636352539
Black,2013-08-12 10:14:13.189487,50.1599617004
Black,2013-08-12 10:14:13.282920,50.1349067688
Black,2013-08-12 10:14:13.371262,50.1081008911
Black,2013-08-12 10:14:13.456679,50.0867385864
Black,2013-08-12 10:14:13.535780,50.0795860291
Black,2013-08-12 10:14:13.620983,50.0675506592
Black,2013-08-12 10:14:13.701571,50.071975708
Black,2013-08-12 10:14:13.786710,50.0758934021
Black,2013-08-12 10:14:13.865406,50.0858917236
Black,2013-08-12 10:14:13.945979,50.0853614807
Black,2013-08-12 10:14:14.027084,50.0791816711
Black,2013-08-12 10:14:14.109511,50.074256897
Black,2013-08-12 10:14:14.193354,50.0683670044
Black,2013-08-12 10:14:14.280412,50.0580978394
Black,2013-08-12 10:14:14.367841,50.0557823181
Black,2013-08-12 10:14:14.448932,50.0367507935
Black,2013-08-12 10:14:14.537851,50.0140686035
Black,2013-08-12 10:14:14.627957,50.0000534058
Black,2013-08-12 10:14:14.717370,51.6638336182
Black,2013-08-12 10:14:14.800612,51.659412384
Black,2013-08-12 10:14:14.885674,51.6557693481
Black,2013-08-12 10:14:14.965932,51.6614875793
Black,2013-08-12 10:14:15.043722,50.0165061951
Black,2013-08-12 10:14:15.127723,50.0121917725
Black,2013-08-12 10:14:15.207148,50.0175628662
Black,2013-08-12 10:14:15.295783,50.0077705383
Black,2013-08-12 10:14:15.380673,50.0055961609
Black,2013-08-12 10:14:15.507133,51.6625022888
Black,2013-08-12 10:14:15.597209,51.6040420532
Black,2013-08-12 10:14:15.686984,51.604434967
Black,2013-08-12 10:14:15.769870,51.6060943604
Black,2013-08-12 10:14:15.847850,51.6175765991
Black,2013-08-12 10:14:15.930153,51.6214485168
Black,2013-08-12 10:14:16.013412,51.6244392395
Black,2013-08-12 10:14:16.095210,51.6158065796
Black,2013-08-12 10:14:16.175407,51.6266136169
Black,2013-08-12 10:14:16.252609,51.6314315796
Black,2013-08-12 10:14:16.335058,51.6299247742
Black,2013-08-12 10:14:16.419695,51.6294975281
Black,2013-08-12 10:14:16.501117,51.6312179565
Black,2013-08-12 10:14:16.581594,51.6301689148
Black,2013-08-12 10:14:16.668371,51.6238975525
Black,2013-08-12 10:14:16.749571,51.6179084778
Black,2013-08-12 10:14:16.831530,51.6245269775
Black,2013-08-12 10:14:16.914931,51.6455345154
Black,2013-08-12 10:14:16.997178,51.6487312317
Black,2013-08-12 10:14:17.080001,51.6537780762
Black,2013-08-12 10:14:17.163625,51.6537208557
Black,2013-08-12 10:14:17.239007,51.6649055481
Black,2013-08-12 10:14:17.317957,50.0025520325
Black,2013-08-12 10:14:17.403203,50.0075759888
Black,2013-08-12 10:14:17.488961,51.6644058228
Black,2013-08-12 10:14:17.594042,51.6341171265
Black,2013-08-12 10:14:17.677484,51.6405258179
Black,2013-08-12 10:14:17.764148,51.6293487549
Black,2013-08-12 10:14:17.844851,51.6243629456
Black,2013-08-12 10:14:17.930143,51.6231575012
Black,2013-08-12 10:14:18.011392,51.6165542603
Black,2013-08-12 10:14:18.098591,51.6191215515
Black,2013-08-12 10:14:18.177488,51.6158790588
Black,2013-08-12 10:14:18.261322,51.6230659485
Black,2013-08-12 10:14:18.345246,51.6280670166
Black,2013-08-12 10:14:18.439989,51.6072158813
Black,2013-08-12 10:14:18.522145,51.6003189087
Black,2013-08-12 10:14:18.603802,51.6008491516
Black,2013-08-12 10:14:18.684871,51.5951385498
Black,2013-08-12 10:14:18.766607,51.6019515991
Black,2013-08-12 10:14:18.848371,51.6143379211
Black,2013-08-12 10:14:18.933376,51.6164321899
Black,2013-08-12 10:14:19.016614,51.6102409363
Black,2013-08-12 10:14:19.094603,51.6094551086
Black,2013-08-12 10:14:19.181651,51.602809906
Black,2013-08-12 10:14:19.262884,51.6069984436
Black,2013-08-12 10:14:19.346966,51.5996894836
Black,2013-08-12 10:14:19.425437,51.6013336182
Black,2013-08-12 10:14:19.507783,51.5986289978
Black,2013-08-12 10:14:19.587246,51.6039924622
Black,2013-08-12 10:14:19.671892,51.6105499268
Black,2013-08-12 10:14:19.753100,51.6192359924
Black,2013-08-12 10:14:19.833076,159.867858887
Black,2013-08-12 10:14:19.917691,88.2742996216
Black,2013-08-12 10:14:19.997837,59.9620285034
Black,2013-08-12 10:14:20.077340,51.6376991272
Black,2013-08-12 10:14:20.161693,51.6346168518
Black,2013-08-12 10:14:20.241550,51.6330337524
Black,2013-08-12 10:14:20.321709,51.6356658936
Black,2013-08-12 10:14:20.405446,51.6402435303
Black,2013-08-12 10:14:20.486000,51.6348686218
Black,2013-08-12 10:14:20.574607,51.6251182556
Black,2013-08-12 10:14:20.663610,51.616317749
Black,2013-08-12 10:14:20.750480,51.6155548096
Black,2013-08-12 10:14:20.834648,64.9320144653
Black,2013-08-12 10:14:20.917375,68.2510757446
Black,2013-08-12 10:14:21.007342,63.2458152771
Black,2013-08-12 10:14:21.083261,56.58543396
Black,2013-08-12 10:14:21.167002,54.9225387573
Black,2013-08-12 10:14:21.252339,53.2510185242
Black,2013-08-12 10:14:21.339308,51.5799636841
Black,2013-08-12 10:14:21.420130,51.5755958557
Black,2013-08-12 10:14:21.503008,51.5739860535
Black,2013-08-12 10:14:21.592558,51.5680809021
Black,2013-08-12 10:14:21.678041,51.5624847412
Black,2013-08-12 10:14:21.769618,51.555934906
Black,2013-08-12 10:14:21.853714,51.5468788147
Black,2013-08-12 10:14:21.935068,51.5475387573
Black,2013-08-12 10:14:22.022205,51.543056488
Black,2013-08-12 10:14:22.107664,51.5366172791
Black,2013-08-12 10:14:22.189941,51.5241127014
Black,2013-08-12 10:14:22.279974,51.5225563049
Black,2013-08-12 10:14:22.364112,51.5230712891
Black,2013-08-12 10:14:22.444004,51.5185890198
Black,2013-08-12 10:14:22.530377,51.5176544189
Black,2013-08-12 10:14:22.612519,51.5215187073
Black,2013-08-12 10:14:22.700677,51.5164222717
Black,2013-08-12 10:14:22.787787,51.5368003845
Black,2013-08-12 10:14:22.874039,51.52551651
Black,2013-08-12 10:14:22.959031,51.5229415894
Black,2013-08-12 10:14:23.042149,51.5370254517
Black,2013-08-12 10:14:23.122536,51.5372123718
Black,2013-08-12 10:14:23.212894,51.5329818726
Black,2013-08-12 10:14:23.298125,51.5285263062
Black,2013-08-12 10:14:23.384406,51.5192489624
Black,2013-08-12 10:14:23.472504,51.518321991
Black,2013-08-12 10:14:23.561911,51.5100479126
Black,2013-08-12 10:14:23.643436,51.5107727051
Black,2013-08-12 10:14:23.727333,51.5176086426
Black,2013-08-12 10:14:23.808570,51.5269775391
Black,2013-08-12 10:14:23.887231,51.5373687744
Black,2013-08-12 10:14:23.968686,51.5419311523
Black,2013-08-12 10:14:24.051273,51.5411567688
Black,2013-08-12 10:14:24.134098,51.5435142517
Black,2013-08-12 10:14:24.226629,51.540473938
Black,2013-08-12 10:14:24.341124,51.5064048767
Black,2013-08-12 10:14:24.432700,51.4735069275
Black,2013-08-12 10:14:24.531919,51.453125
Black,2013-08-12 10:14:24.624558,51.4304771423
Black,2013-08-12 10:14:24.709663,51.4281654358
Black,2013-08-12 10:14:24.805158,51.4183044434
Black,2013-08-12 10:14:24.912634,51.3824462891
Black,2013-08-12 10:14:24.993692,51.3812065125
Black,2013-08-12 10:14:25.090138,51.3921546936
Black,2013-08-12 10:14:25.188809,51.4017219543
Black,2013-08-12 10:14:25.271404,51.422580719
Black,2013-08-12 10:14:25.377425,51.4210128784
Black,2013-08-12 10:14:25.469514,51.4186782837
Black,2013-08-12 10:14:25.555580,51.4336357117
Black,2013-08-12 10:14:25.651554,51.4247512817
Black,2013-08-12 10:14:25.737761,51.4250411987
Black,2013-08-12 10:14:25.817200,51.4357299805
Black,2013-08-12 10:14:25.900991,51.4361038208
Black,2013-08-12 10:14:25.997615,51.4318351746
Black,2013-08-12 10:14:26.096355,51.4051361084
Black,2013-08-12 10:14:26.181826,51.4044456482
Black,2013-08-12 10:14:26.278600,51.3895378113
Black,2013-08-12 10:14:26.369999,51.3658714294
Black,2013-08-12 10:14:26.455652,51.3676376343
Black,2013-08-12 10:14:26.553546,51.3447647095
Black,2013-08-12 10:14:26.641577,51.3328056335
Black,2013-08-12 10:14:26.738487,51.3165855408
Black,2013-08-12 10:14:26.838416,51.2972106934
Black,2013-08-12 10:14:26.923133,51.299911499
Black,2013-08-12 10:14:27.002741,51.3021392822
Black,2013-08-12 10:14:27.084005,51.3047180176
Black,2013-08-12 10:14:27.185204,51.2899780273
Black,2013-08-12 10:14:27.280825,51.2780914307
Black,2013-08-12 10:14:27.362145,51.2871398926
Black,2013-08-12 10:14:27.456283,51.2796478271
Black,2013-08-12 10:14:27.544848,51.2685050964
Black,2013-08-12 10:14:27.645473,51.2539596558
Black,2013-08-12 10:14:27.742996,51.2313804626
Black,2013-08-12 10:14:27.829792,51.2157440186
Black,2013-08-12 10:14:27.937335,51.1938743591
Black,2013-08-12 10:14:28.030091,51.1677398682
Black,2013-08-12 10:14:28.120415,51.1637611389
Black,2013-08-12 10:14:28.226124,51.1436309814
Black,2013-08-12 10:14:28.311064,51.1416244507
Black,2013-08-12 10:14:28.395565,51.1509590149
Black,2013-08-12 10:14:28.495106,51.1351470947
Black,2013-08-12 10:14:28.588738,51.1220626831
Black,2013-08-12 10:14:28.679096,51.1293296814
Black,2013-08-12 10:14:28.777272,51.1129798889
Black,2013-08-12 10:14:28.873675,51.0990104675
Black,2013-08-12 10:14:28.978589,51.0766296387
Black,2013-08-12 10:14:29.073078,51.0590515137
Black,2013-08-12 10:14:29.163004,51.047794342
Black,2013-08-12 10:14:29.245235,51.0384140015
Black,2013-08-12 10:14:29.325923,51.0479202271
Black,2013-08-12 10:14:29.406020,51.0475883484
Black,2013-08-12 10:14:29.493268,51.0450325012
Black,2013-08-12 10:14:29.580309,51.0406150818
Black,2013-08-12 10:14:29.663595,51.0458145142
Black,2013-08-12 10:14:29.745595,51.0446777344
Black,2013-08-12 10:14:29.828475,51.0502090454
Black,2013-08-12 10:14:29.920139,51.0440368652
Black,2013-08-12 10:14:30.003272,51.0433959961
Black,2013-08-12 10:14:30.088812,51.0493888855
Black,2013-08-12 10:14:30.176140,51.0539398193
Black,2013-08-12 10:14:30.257272,51.0501976013
Black,2013-08-12 10:14:30.339885,51.0470848083
Black,2013-08-12 10:14:30.425012,51.0547370911
Black,2013-08-12 10:14:30.503950,51.0568351746
Black,2013-08-12 10:14:30.584691,51.0652008057
Black,2013-08-12 10:14:30.675552,51.0581893921
Black,2013-08-12 10:14:30.761411,51.0499038696
Black,2013-08-12 10:14:30.841324,51.073425293
Black,2013-08-12 10:14:30.922278,51.0809440613
Black,2013-08-12 10:14:31.004950,51.0827598572
Black,2013-08-12 10:14:31.082269,51.0915985107
Black,2013-08-12 10:14:31.164162,51.0907859802
Black,2013-08-12 10:14:31.247664,51.0874481201
Black,2013-08-12 10:14:31.345134,51.0752182007
Black,2013-08-12 10:14:31.431235,51.0679397583
Black,2013-08-12 10:14:31.515555,51.0764312744
Black,2013-08-12 10:14:31.592865,51.0930175781
Black,2013-08-12 10:14:31.679187,51.1026954651
Black,2013-08-12 10:14:31.760663,51.1039390564
Black,2013-08-12 10:14:31.841476,51.1088409424
Black,2013-08-12 10:14:31.921600,51.113899231
Black,2013-08-12 10:14:31.997890,51.1290512085
Black,2013-08-12 10:14:32.080800,51.144695282
Black,2013-08-12 10:14:32.173897,51.1339683533
Black,2013-08-12 10:14:32.257909,51.1395263672
Black,2013-08-12 10:14:32.338508,51.1400566101
Black,2013-08-12 10:14:32.423328,51.1421318054
Black,2013-08-12 10:14:32.510321,51.1437988281
Black,2013-08-12 10:14:32.580512,51.1544189453
Black,2013-08-12 10:14:32.668080,51.1613845825
Black,2013-08-12 10:14:32.753066,51.1716270447
Black,2013-08-12 10:14:32.836709,51.1759147644
Black,2013-08-12 10:14:32.924017,51.1802139282
Black,2013-08-12 10:14:33.011551,51.1771430969
Black,2013-08-12 10:14:33.099513,51.1672134399
Black,2013-08-12 10:14:33.182965,51.175163269
Black,2013-08-12 10:14:33.263782,51.1799049377
Black,2013-08-12 10:14:33.343503,51.1835441589
Black,2013-08-12 10:14:33.427544,51.1889152527
Black,2013-08-12 10:14:33.507395,51.1871986389
Black,2013-08-12 10:14:33.588193,51.1995887756
Black,2013-08-12 10:14:33.674597,51.2636260986
Black,2013-08-12 10:14:33.753145,51.2711029053
Black,2013-08-12 10:14:33.835617,51.2855453491
Black,2013-08-12 10:14:33.915065,51.2964096069
Black,2013-08-12 10:14:33.993801,51.2990188599
Black,2013-08-12 10:14:34.076806,51.3011856079
Black,2013-08-12 10:14:34.157471,51.317199707
Black,2013-08-12 10:14:34.232779,51.3312263489
Black,2013-08-12 10:14:34.311104,51.3363037109
Black,2013-08-12 10:14:34.392557,51.3407058716
Black,2013-08-12 10:14:34.472037,51.3488273621
Black,2013-08-12 10:14:34.553593,51.3595733643
Black,2013-08-12 10:14:34.631336,51.3602142334
Black,2013-08-12 10:14:34.712538,51.379196167
Black,2013-08-12 10:14:34.794941,51.3840637207
Black,2013-08-12 10:14:34.873841,51.3889007568
Black,2013-08-12 10:14:34.951090,51.3982620239
Black,2013-08-12 10:14:35.031861,51.4047393799
Black,2013-08-12 10:14:35.118043,51.4123916626
Black,2013-08-12 10:14:35.199267,51.4097061157
Black,2013-08-12 10:14:35.280404,51.4141807556
Black,2013-08-12 10:14:35.362828,51.4226303101
Black,2013-08-12 10:14:35.448314,51.4200286865
Black,2013-08-12 10:14:35.529594,51.4232177734
Black,2013-08-12 10:14:35.618229,51.4251365662
Black,2013-08-12 10:14:35.706287,51.4229164124
Black,2013-08-12 10:14:35.791382,51.4223060608
Black,2013-08-12 10:14:35.876072,51.4213829041
Black,2013-08-12 10:14:35.959306,51.4191093445
Black,2013-08-12 10:14:36.045368,51.4232063293
Black,2013-08-12 10:14:36.122086,51.4250221252
Black,2013-08-12 10:14:36.204853,51.4346351624
Black,2013-08-12 10:14:36.289166,51.4446411133
Black,2013-08-12 10:14:36.374661,51.447769165
Black,2013-08-12 10:14:36.462140,51.4487266541
Black,2013-08-12 10:14:36.540705,51.4525146484
Black,2013-08-12 10:14:36.626229,51.4546852112
Black,2013-08-12 10:14:36.716583,51.4423141479
Black,2013-08-12 10:14:36.799109,51.450138092
Black,2013-08-12 10:14:36.880538,51.4646492004
Black,2013-08-12 10:14:36.961299,51.4629364014
Black,2013-08-12 10:14:37.044967,51.4648323059
Black,2013-08-12 10:14:37.126329,51.46849823
Black,2013-08-12 10:14:37.212516,51.4738578796
Black,2013-08-12 10:14:37.292561,51.4801139832
Black,2013-08-12 10:14:37.379904,51.487953186
Black,2013-08-12 10:14:37.462749,51.490070343
Black,2013-08-12 10:14:37.547854,51.4930343628
Black,2013-08-12 10:14:37.647301,51.4757995605
Black,2013-08-12 10:14:37.733056,51.4740638733
Black,2013-08-12 10:14:37.819421,51.476020813
Black,2013-08-12 10:14:37.902212,51.4801979065
Black,2013-08-12 10:14:37.983188,51.4863510132
Black,2013-08-12 10:14:38.062031,51.500743866
Black,2013-08-12 10:14:38.143997,51.5080223083
Black,2013-08-12 10:14:38.227111,51.5118751526
Black,2013-08-12 10:14:38.317720,51.5021591187
Black,2013-08-12 10:14:38.398775,51.5136070251
Black,2013-08-12 10:14:38.483958,51.5150985718
Black,2013-08-12 10:14:38.568140,51.518573761
Black,2013-08-12 10:14:38.652480,51.5202865601
Black,2013-08-12 10:14:38.740021,51.5282478333
Black,2013-08-12 10:14:38.821589,51.5431785583
Black,2013-08-12 10:14:38.902001,51.5451202393
Black,2013-08-12 10:14:38.984892,51.568649292
Black,2013-08-12 10:14:39.062721,51.5828399658
Black,2013-08-12 10:14:39.143243,51.5916900635
Black,2013-08-12 10:14:39.225175,51.5995903015
Black,2013-08-12 10:14:39.307087,51.6050682068
Black,2013-08-12 10:14:39.392784,51.6038475037
Black,2013-08-12 10:14:39.474047,51.6140899658
Black,2013-08-12 10:14:39.555984,51.619556427
Black,2013-08-12 10:14:39.638198,51.6232376099
Black,2013-08-12 10:14:39.720602,51.6378746033
Black,2013-08-12 10:14:39.803405,51.649684906
Black,2013-08-12 10:14:39.881593,51.6612968445
Black,2013-08-12 10:14:39.964047,50.0034255981
Black,2013-08-12 10:14:40.044276,50.0162010193
Black,2013-08-12 10:14:40.126543,50.0296325684
Black,2013-08-12 10:14:40.210109,50.0398750305
Black,2013-08-12 10:14:40.294560,50.0412406921
Black,2013-08-12 10:14:40.381543,50.0523834229
Black,2013-08-12 10:14:40.468058,50.0524520874
Black,2013-08-12 10:14:40.550097,50.0554695129
Black,2013-08-12 10:14:40.634081,50.0671348572
Black,2013-08-12 10:14:40.717301,50.0787391663
Black,2013-08-12 10:14:40.796767,50.082736969
Black,2013-08-12 10:14:40.878236,50.0867576599
Black,2013-08-12 10:14:40.961063,50.0927391052
Black,2013-08-12 10:14:41.042993,50.0979499817
Black,2013-08-12 10:14:41.122178,50.1143875122
Black,2013-08-12 10:14:41.200319,50.131401062
Black,2013-08-12 10:14:41.284815,50.1254425049
Black,2013-08-12 10:14:41.373793,50.1240692139
Black,2013-08-12 10:14:41.458024,50.1180305481
Black,2013-08-12 10:14:41.544821,50.1123085022
Black,2013-08-12 10:14:41.623252,50.1139755249
Black,2013-08-12 10:14:41.706545,50.1143798828
Black,2013-08-12 10:14:41.789550,50.1148719788
Black,2013-08-12 10:14:41.874245,50.1128120422
Black,2013-08-12 10:14:41.958653,50.11693573
Black,2013-08-12 10:14:42.045880,50.1140327454
Black,2013-08-12 10:14:42.127672,50.1195602417
Black,2013-08-12 10:14:42.205461,50.1237831116
Black,2013-08-12 10:14:42.292765,50.1250610352
Black,2013-08-12 10:14:42.376522,50.1248779297
Black,2013-08-12 10:14:42.462062,50.1232833862
Black,2013-08-12 10:14:42.550168,50.1191596985
Black,2013-08-12 10:14:42.633320,50.1180763245
Black,2013-08-12 10:14:42.720021,50.1149902344
Black,2013-08-12 10:14:42.803254,50.1147079468
Black,2013-08-12 10:14:42.888829,50.1059989929
Black,2013-08-12 10:14:42.973967,50.1156234741
Black,2013-08-12 10:14:43.056899,50.1341094971
Black,2013-08-12 10:14:43.142795,50.1388435364
Black,2013-08-12 10:14:43.228858,50.1586875916
Black,2013-08-12 10:14:43.310762,50.1658859253
Black,2013-08-12 10:14:43.396532,50.1509056091
Black,2013-08-12 10:14:43.477175,50.15026474
Black,2013-08-12 10:14:43.562836,50.1514015198
Black,2013-08-12 10:14:43.645430,50.1419906616
Black,2013-08-12 10:14:43.727742,50.1365699768
Black,2013-08-12 10:14:43.815411,50.1359939575
Black,2013-08-12 10:14:43.904228,50.1253051758
Black,2013-08-12 10:14:43.993183,50.1165962219
Black,2013-08-12 10:14:44.076947,50.1194076538
Black,2013-08-12 10:14:44.163708,50.1159973145
Black,2013-08-12 10:14:44.251512,50.1060409546
Black,2013-08-12 10:14:44.336848,50.1019821167
Black,2013-08-12 10:14:44.419027,50.1026115417
Black,2013-08-12 10:14:44.495499,50.1049003601
Black,2013-08-12 10:14:44.578170,50.1138000488
Black,2013-08-12 10:14:44.662811,50.106086731
Black,2013-08-12 10:14:44.744927,50.1102294922
Black,2013-08-12 10:14:44.827224,50.1051216125
Black,2013-08-12 10:14:44.909108,50.1190872192
Black,2013-08-12 10:14:44.990488,50.1111106873
Black,2013-08-12 10:14:45.072471,50.1187133789
Black,2013-08-12 10:14:45.159416,50.1281013489
Black,2013-08-12 10:14:45.245086,50.1194152832
Black,2013-08-12 10:14:45.329099,50.1165237427
Black,2013-08-12 10:14:45.414739,50.1086349487
Black,2013-08-12 10:14:45.498769,50.1007347107
Black,2013-08-12 10:14:45.583572,50.1004142761
Black,2013-08-12 10:14:45.672138,50.0942459106
Black,2013-08-12 10:14:45.761178,50.0804901123
Black,2013-08-12 10:14:45.843417,50.0813179016
Black,2013-08-12 10:14:45.930749,50.0799980164
Black,2013-08-12 10:14:46.018321,50.0662498474
Black,2013-08-12 10:14:46.105498,50.0585098267
Black,2013-08-12 10:14:46.192684,50.0480575562
Black,2013-08-12 10:14:46.275247,50.0466537476
Black,2013-08-12 10:14:46.365554,50.0366096497
Black,2013-08-12 10:14:46.446716,50.0276756287
Black,2013-08-12 10:14:46.532980,50.026512146
Black,2013-08-12 10:14:46.612304,50.0311126709
Black,2013-08-12 10:14:46.699914,50.0301361084
Black,2013-08-12 10:14:46.787118,50.0282936096
Black,2013-08-12 10:14:46.870076,50.0252952576
Black,2013-08-12 10:14:46.960085,50.0133018494
Black,2013-08-12 10:14:47.044215,50.0121917725
Black,2013-08-12 10:14:47.140826,50.0061264038
Black,2013-08-12 10:14:47.225772,51.6539649963
Black,2013-08-12 10:14:47.309277,51.6594314575
Black,2013-08-12 10:14:47.390702,51.657913208
Black,2013-08-12 10:14:47.470371,51.6620292664
Black,2013-08-12 10:14:47.553851,51.662815094
Black,2013-08-12 10:14:47.640853,51.6504364014
Black,2013-08-12 10:14:47.731779,51.6413116455
Black,2013-08-12 10:14:47.821020,51.6360626221
Black,2013-08-12 10:14:47.903744,51.6271438599
Black,2013-08-12 10:14:47.986711,51.6237449646
Black,2013-08-12 10:14:48.070966,51.6184883118
Black,2013-08-12 10:14:48.155167,51.6225547791
Black,2013-08-12 10:14:48.235148,51.6270484924
Black,2013-08-12 10:14:48.315720,51.6377983093
Black,2013-08-12 10:14:48.401469,51.640827179
Black,2013-08-12 10:14:48.480308,51.6385650635
Black,2013-08-12 10:14:48.558492,51.6323432922
Black,2013-08-12 10:14:48.643022,51.6259155273
Black,2013-08-12 10:14:48.723295,51.6234321594
Black,2013-08-12 10:14:48.807010,51.6223106384
Black,2013-08-12 10:14:48.885936,51.617980957
Black,2013-08-12 10:14:48.970749,51.6154022217
Black,2013-08-12 10:14:49.057854,51.6084938049
Black,2013-08-12 10:14:49.143535,51.6043014526
Black,2013-08-12 10:14:49.230949,51.6111373901
Black,2013-08-12 10:14:49.320373,51.6160926819
Black,2013-08-12 10:14:49.407020,51.6148109436
Black,2013-08-12 10:14:49.492608,51.6129417419
Black,2013-08-12 10:14:49.578861,51.6077880859
Black,2013-08-12 10:14:49.664568,51.6057090759
Black,2013-08-12 10:14:49.749275,51.6007652283
Black,2013-08-12 10:14:49.829057,51.6061782837
Black,2013-08-12 10:14:49.904887,51.6080741882
Black,2013-08-12 10:14:49.984692,51.6133804321
Black,2013-08-12 10:14:50.068436,51.6120872498
Black,2013-08-12 10:14:50.148702,51.610912323
Black,2013-08-12 10:14:50.227229,51.6149215698
Black,2013-08-12 10:14:50.308019,51.6217041016
Black,2013-08-12 10:14:50.393086,51.6245155334
Black,2013-08-12 10:14:50.474421,51.6271247864
Black,2013-08-12 10:14:50.559288,51.6357040405
Black,2013-08-12 10:14:50.639535,51.6464729309
Black,2013-08-12 10:14:50.725102,51.6497802734
Black,2013-08-12 10:14:50.805636,51.6594047546
Black,2013-08-12 10:14:50.888828,51.6620864868
Black,2013-08-12 10:14:50.976326,51.6563873291
Black,2013-08-12 10:14:51.056451,51.6466560364
Black,2013-08-12 10:14:51.139439,51.6503791809
Black,2013-08-12 10:14:51.225056,51.6375770569
Black,2013-08-12 10:14:51.309002,51.6460647583
Black,2013-08-12 10:14:51.394321,51.647769928
Black,2013-08-12 10:14:51.479557,51.6529579163
Black,2013-08-12 10:14:51.566183,50.0411300659
Black,2013-08-12 10:14:51.650564,50.0446052551
Black,2013-08-12 10:14:51.734984,50.0486907959
Black,2013-08-12 10:14:51.820373,50.0404968262
Black,2013-08-12 10:14:51.904500,50.0388259888
Black,2013-08-12 10:14:51.992201,50.0304527283
Black,2013-08-12 10:14:52.077605,50.0284347534
Black,2013-08-12 10:14:52.159891,50.0226631165
Black,2013-08-12 10:14:52.248227,50.0109519958
Black,2013-08-12 10:14:52.338665,51.6657905579
Black,2013-08-12 10:14:52.420141,51.6613311768
Black,2013-08-12 10:14:52.503993,51.6641426086
Black,2013-08-12 10:14:52.584821,51.6617012024
Black,2013-08-12 10:14:52.678874,51.6558990479
Black,2013-08-12 10:14:52.763020,51.6522293091
Black,2013-08-12 10:14:52.854005,51.6436767578
Black,2013-08-12 10:14:52.933853,51.6401863098
Black,2013-08-12 10:14:53.018983,51.6357040405
Black,2013-08-12 10:14:53.103217,51.6314659119
Black,2013-08-12 10:14:53.198502,51.6197052002
Black,2013-08-12 10:14:53.281444,51.6108055115
Black,2013-08-12 10:14:53.361883,51.6051445007
Black,2013-08-12 10:14:53.449400,51.597618103
Black,2013-08-12 10:14:53.533215,51.5996932983
Black,2013-08-12 10:14:53.615478,51.6362419128
Black,2013-08-12 10:14:53.702167,51.6270637512
Black,2013-08-12 10:14:53.790387,51.6335945129
Black,2013-08-12 10:14:53.871929,51.6300888062
Black,2013-08-12 10:14:53.954507,51.6266899109
Black,2013-08-12 10:14:54.047031,51.6226959229
Black,2013-08-12 10:14:54.128728,51.6239891052
Black,2013-08-12 10:14:54.212035,51.621421814
Black,2013-08-12 10:14:54.303359,51.6074295044
Black,2013-08-12 10:14:54.395443,51.5958786011
Black,2013-08-12 10:14:54.476534,51.6117095947
Black,2013-08-12 10:14:54.555933,51.6160507202
Black,2013-08-12 10:14:54.640210,51.6172370911
Black,2013-08-12 10:14:54.730761,51.6066017151
Black,2013-08-12 10:14:54.809462,51.6047325134
Black,2013-08-12 10:14:54.884408,51.6111106873
Black,2013-08-12 10:14:54.969163,51.6105690002
Black,2013-08-12 10:14:55.053698,51.6124992371
Black,2013-08-12 10:14:55.141183,51.6002960205
Black,2013-08-12 10:14:55.225668,51.6006011963
Black,2013-08-12 10:14:55.317600,51.590057373
Black,2013-08-12 10:14:55.404805,51.5867462158
Black,2013-08-12 10:14:55.485884,51.5781211853
Black,2013-08-12 10:14:55.566579,51.5822067261
Black,2013-08-12 10:14:55.645708,51.5807952881
Black,2013-08-12 10:14:55.729233,51.5808677673
Black,2013-08-12 10:14:55.815371,51.5798988342
Black,2013-08-12 10:14:55.892809,51.5806808472
Black,2013-08-12 10:14:55.973322,51.5836334229
Black,2013-08-12 10:14:56.062997,51.5735816956
Black,2013-08-12 10:14:56.151749,51.5639190674
Black,2013-08-12 10:14:56.238701,51.5575256348
Black,2013-08-12 10:14:56.324568,51.5504379272
Black,2013-08-12 10:14:56.409380,51.5465431213
Black,2013-08-12 10:14:56.500356,51.526222229
Black,2013-08-12 10:14:56.586988,51.5247077942
Black,2013-08-12 10:14:56.676153,51.5274200439
Black,2013-08-12 10:14:56.759572,51.5260276794
Black,2013-08-12 10:14:56.843983,51.5323982239
Black,2013-08-12 10:14:56.925236,51.5350532532
Black,2013-08-12 10:14:57.014354,51.5272827148
Black,2013-08-12 10:14:57.100489,51.5249595642
Black,2013-08-12 10:14:57.188590,51.5189704895
Black,2013-08-12 10:14:57.277854,51.5079078674
Black,2013-08-12 10:14:57.358248,61.4882888794
Black,2013-08-12 10:14:57.440842,73.1250228882
Black,2013-08-12 10:14:57.521383,126.302368164
Black,2013-08-12 10:14:57.604509,51.5221672058
Black,2013-08-12 10:14:57.688464,51.5292167664
Black,2013-08-12 10:14:57.794378,51.5149307251
Black,2013-08-12 10:14:57.891138,51.4894256592
Black,2013-08-12 10:14:57.975725,51.5005378723
Black,2013-08-12 10:14:58.057321,51.490196228
Black,2013-08-12 10:14:58.142311,51.49036026
Black,2013-08-12 10:14:58.225243,51.4947624207
Black,2013-08-12 10:14:58.312472,51.4949569702
Black,2013-08-12 10:14:58.396005,51.5016555786
Black,2013-08-12 10:14:58.481231,51.4963264465
Black,2013-08-12 10:14:58.569614,51.4922332764
Black,2013-08-12 10:14:58.651101,51.489402771
Black,2013-08-12 10:14:58.740989,51.4879379272
Black,2013-08-12 10:14:58.827619,51.4914627075
Black,2013-08-12 10:14:58.909602,51.4911422729
Black,2013-08-12 10:14:58.989659,51.496421814
Black,2013-08-12 10:14:59.074227,51.4985694885
Black,2013-08-12 10:14:59.157277,51.496711731
Black,2013-08-12 10:14:59.241512,51.5048179626
Black,2013-08-12 10:14:59.330879,51.4977111816
Black,2013-08-12 10:14:59.410502,51.5006637573
Black,2013-08-12 10:14:59.499312,51.5069770813
Black,2013-08-12 10:14:59.584889,51.5024795532
Black,2013-08-12 10:14:59.667419,51.5129585266
Black,2013-08-12 10:14:59.754818,51.513130188
Black,2013-08-12 10:14:59.837291,51.5049819946
Black,2013-08-12 10:14:59.917290,51.5096206665
Black,2013-08-12 10:15:00.001648,51.5052375793
Black,2013-08-12 10:15:00.082931,51.506149292
Black,2013-08-12 10:15:00.176776,51.491317749
Black,2013-08-12 10:15:00.263854,51.483505249
Black,2013-08-12 10:15:00.346265,51.4891738892
Black,2013-08-12 10:15:00.431891,51.5147743225
Black,2013-08-12 10:15:00.511505,51.5508728027
Black,2013-08-12 10:15:00.596878,51.5680961609
Black,2013-08-12 10:15:00.686411,51.5759849548
Black,2013-08-12 10:15:00.773407,51.5761375427
Black,2013-08-12 10:15:00.852352,51.5868835449
Black,2013-08-12 10:15:00.930281,51.6232147217
Black,2013-08-12 10:15:01.011566,51.6411437988
Black,2013-08-12 10:15:01.091058,51.6585006714
Black,2013-08-12 10:15:01.171720,50.0206069946
Black,2013-08-12 10:15:01.255547,50.0245437622
Black,2013-08-12 10:15:01.332373,50.0525741577
Black,2013-08-12 10:15:01.413517,50.078327179
Black,2013-08-12 10:15:01.490178,50.0829315186
Black,2013-08-12 10:15:01.573385,50.104347229
Black,2013-08-12 10:15:01.658516,50.1110992432
Black,2013-08-12 10:15:01.741980,50.1043395996
Black,2013-08-12 10:15:01.824920,50.1078681946
Black,2013-08-12 10:15:01.910508,50.1134681702
Black,2013-08-12 10:15:01.992259,50.1395492554
Black,2013-08-12 10:15:02.070263,50.1450462341
Black,2013-08-12 10:15:02.153615,50.1612472534
Black,2013-08-12 10:15:02.244051,50.1761817932
Black,2013-08-12 10:15:02.320585,50.1815872192
Black,2013-08-12 10:15:02.405226,50.2066268921
Black,2013-08-12 10:15:02.490451,50.2132263184
Black,2013-08-12 10:15:02.577890,50.2262077332
Black,2013-08-12 10:15:02.663998,50.2428321838
Black,2013-08-12 10:15:02.746791,50.2410926819
Black,2013-08-12 10:15:02.828177,50.245174408
Black,2013-08-12 10:15:02.917627,50.2399978638
Black,2013-08-12 10:15:03.003101,50.2471847534
Black,2013-08-12 10:15:03.084725,50.2729454041
Black,2013-08-12 10:15:03.165550,50.2695007324
Black,2013-08-12 10:15:03.249961,50.285697937
Black,2013-08-12 10:15:03.335978,50.2940444946
Black,2013-08-12 10:15:03.417206,50.3055038452
Black,2013-08-12 10:15:03.503826,50.3301467896
Black,2013-08-12 10:15:03.591812,50.3391036987
Black,2013-08-12 10:15:03.667971,50.3606071472
Black,2013-08-12 10:15:03.751153,50.3895187378
Black,2013-08-12 10:15:03.834962,50.3899917603
Black,2013-08-12 10:15:03.923017,50.4179992676
Black,2013-08-12 10:15:04.003500,50.4291305542
Black,2013-08-12 10:15:04.085568,50.4315223694
Black,2013-08-12 10:15:04.172257,50.4495773315
Black,2013-08-12 10:15:04.264012,50.4503593445
Black,2013-08-12 10:15:04.342972,50.4636383057
Black,2013-08-12 10:15:04.422037,50.4853096008
Black,2013-08-12 10:15:04.498820,50.5185623169
Black,2013-08-12 10:15:04.576343,50.5483360291
Black,2013-08-12 10:15:04.658412,50.5762062073
Black,2013-08-12 10:15:04.744964,50.5793571472
Black,2013-08-12 10:15:04.830425,50.5897140503
Black,2013-08-12 10:15:04.913474,50.5753097534
Black,2013-08-12 10:15:04.995343,50.5789680481
Black,2013-08-12 10:15:05.082015,50.5774917603
Black,2013-08-12 10:15:05.160698,50.5869941711
Black,2013-08-12 10:15:05.237450,50.5916099548
Black,2013-08-12 10:15:05.315638,50.6057853699
Black,2013-08-12 10:15:05.398058,50.6024398804
Black,2013-08-12 10:15:05.477686,50.6147193909
Black,2013-08-12 10:15:05.562732,50.6184844971
Black,2013-08-12 10:15:05.648155,50.6170730591
Black,2013-08-12 10:15:05.736884,50.6148414612
Black,2013-08-12 10:15:05.825222,50.6104736328
Black,2013-08-12 10:15:05.909148,50.6072731018
Black,2013-08-12 10:15:05.996895,50.6011009216
Black,2013-08-12 10:15:06.077740,50.5984535217
Black,2013-08-12 10:15:06.164428,50.5846557617
Black,2013-08-12 10:15:06.241285,50.6000099182
Black,2013-08-12 10:15:06.322027,50.6115760803
Black,2013-08-12 10:15:06.403066,50.6121520996
Black,2013-08-12 10:15:06.490050,50.608505249
Black,2013-08-12 10:15:06.570996,50.6067352295
Black,2013-08-12 10:15:06.652213,50.6046104431
Black,2013-08-12 10:15:06.735178,50.6029815674
Black,2013-08-12 10:15:06.816794,50.6053199768
Black,2013-08-12 10:15:06.901493,50.6198043823
Black,2013-08-12 10:15:06.977324,50.6405296326
Black,2013-08-12 10:15:07.056437,50.6443443298
Black,2013-08-12 10:15:07.139437,50.6414299011
Black,2013-08-12 10:15:07.218008,50.6463432312
Black,2013-08-12 10:15:07.301686,50.6457366943
Black,2013-08-12 10:15:07.383836,50.6428222656
Black,2013-08-12 10:15:07.465495,50.6408119202
Black,2013-08-12 10:15:07.549776,50.6356506348
Black,2013-08-12 10:15:07.627834,50.6367263794
Black,2013-08-12 10:15:07.710465,50.6485786438
Black,2013-08-12 10:15:07.801060,50.6416969299
Black,2013-08-12 10:15:07.882744,50.6403045654
Black,2013-08-12 10:15:07.960733,50.6450500488
Black,2013-08-12 10:15:08.044439,50.6444892883
Black,2013-08-12 10:15:08.135941,50.630027771
Black,2013-08-12 10:15:08.222229,50.6297950745
Black,2013-08-12 10:15:08.308569,50.6278877258
Black,2013-08-12 10:15:08.392973,50.6234474182
Black,2013-08-12 10:15:08.483038,50.6200447083
Black,2013-08-12 10:15:08.570373,50.6188430786
Black,2013-08-12 10:15:08.657691,50.6227149963
Black,2013-08-12 10:15:08.742449,50.6178703308
Black,2013-08-12 10:15:08.823268,50.6163749695
Black,2013-08-12 10:15:08.905466,50.6172027588
Black,2013-08-12 10:15:08.993681,50.6087265015
Black,2013-08-12 10:15:09.075918,50.6088371277
Black,2013-08-12 10:15:09.165681,50.5943450928
Black,2013-08-12 10:15:09.245711,50.5953330994
Black,2013-08-12 10:15:09.336347,50.5909309387
Black,2013-08-12 10:15:09.419833,50.5848121643
Black,2013-08-12 10:15:09.503055,50.5863609314
Black,2013-08-12 10:15:09.578818,50.5837631226
Black,2013-08-12 10:15:09.662864,50.5828056335
Black,2013-08-12 10:15:09.743987,50.5780830383
Black,2013-08-12 10:15:09.826119,50.5733909607
Black,2013-08-12 10:15:09.907958,50.5697746277
Black,2013-08-12 10:15:09.988116,50.5639877319
Black,2013-08-12 10:15:10.073180,50.5660400391
Black,2013-08-12 10:15:10.148397,50.5653839111
Black,2013-08-12 10:15:10.238797,50.5619621277
Black,2013-08-12 10:15:10.314401,50.5562705994
Black,2013-08-12 10:15:10.397159,50.5543708801
Black,2013-08-12 10:15:10.483429,50.5509109497
Black,2013-08-12 10:15:10.570471,50.5394630432
Black,2013-08-12 10:15:10.663005,50.5241088867
Black,2013-08-12 10:15:10.751946,50.5113105774
Black,2013-08-12 10:15:10.833667,50.5150146484
Black,2013-08-12 10:15:10.919088,50.5104064941
Black,2013-08-12 10:15:11.004399,50.5070381165
Black,2013-08-12 10:15:11.082662,50.5141525269
Black,2013-08-12 10:15:11.165439,50.5110549927
Black,2013-08-12 10:15:11.245425,50.5190238953
Black,2013-08-12 10:15:11.326532,50.5256080627
Black,2013-08-12 10:15:11.406399,50.5383033752
Black,2013-08-12 10:15:11.488208,50.5448036194
Black,2013-08-12 10:15:11.577624,50.550151825
Black,2013-08-12 10:15:11.656910,50.5395050049
Black,2013-08-12 10:15:11.743441,50.5373039246
Black,2013-08-12 10:15:11.831010,50.5301437378
Black,2013-08-12 10:15:11.913640,50.5258903503
Black,2013-08-12 10:15:11.995406,50.5305328369
Black,2013-08-12 10:15:12.077326,50.5313529968
Black,2013-08-12 10:15:12.158026,50.5384674072
Black,2013-08-12 10:15:12.237430,50.540096283
