Start time: 1372861986.04, Players: 1
End time: 1372862192.3, Score: 4800
Player,Time,HR
Black,2013-07-03 10:33:06.075775,78.8644485474
Black,2013-07-03 10:33:06.195949,78.0491638184
Black,2013-07-03 10:33:06.305401,82.1986541748
Black,2013-07-03 10:33:06.416534,81.4728927612
Black,2013-07-03 10:33:06.532215,80.7229232788
Black,2013-07-03 10:33:06.636389,80.0516357422
Black,2013-07-03 10:33:06.738094,79.4093704224
Black,2013-07-03 10:33:06.836436,78.7928466797
Black,2013-07-03 10:33:06.943665,78.1930465698
Black,2013-07-03 10:33:07.036560,77.6028823853
Black,2013-07-03 10:33:07.136561,81.5525512695
Black,2013-07-03 10:33:07.226204,80.9719161987
Black,2013-07-03 10:33:07.324362,80.3831100464
Black,2013-07-03 10:33:07.421154,79.8320770264
Black,2013-07-03 10:33:07.516992,79.2646331787
Black,2013-07-03 10:33:07.620465,78.7034759521
Black,2013-07-03 10:33:07.715666,78.124206543
Black,2013-07-03 10:33:07.819303,76.230140686
Black,2013-07-03 10:33:07.918393,81.6995773315
Black,2013-07-03 10:33:08.016946,83.0492706299
Black,2013-07-03 10:33:08.111492,80.038772583
Black,2013-07-03 10:33:08.213840,72.473197937
Black,2013-07-03 10:33:08.311671,81.2694396973
Black,2013-07-03 10:33:08.407950,80.3060455322
Black,2013-07-03 10:33:08.504211,67.7627639771
Black,2013-07-03 10:33:08.602728,50.2929267883
Black,2013-07-03 10:33:08.701216,71.4392089844
Black,2013-07-03 10:33:08.799699,67.9228057861
Black,2013-07-03 10:33:08.906022,50.4681510925
Black,2013-07-03 10:33:08.998456,52.4436759949
Black,2013-07-03 10:33:09.101430,54.5271339417
Black,2013-07-03 10:33:09.205238,57.5772628784
Black,2013-07-03 10:33:09.297126,53.2215766907
Black,2013-07-03 10:33:09.394187,58.4337997437
Black,2013-07-03 10:33:09.497059,55.1243095398
Black,2013-07-03 10:33:09.585238,51.6966400146
Black,2013-07-03 10:33:09.684702,64.45337677
Black,2013-07-03 10:33:09.788819,67.9303741455
Black,2013-07-03 10:33:09.884388,76.1464309692
Black,2013-07-03 10:33:09.981221,150.046920776
Black,2013-07-03 10:33:10.078472,120.853752136
Black,2013-07-03 10:33:10.199621,100.27091217
Black,2013-07-03 10:33:10.308009,82.7178039551
Black,2013-07-03 10:33:10.417886,71.8193893433
Black,2013-07-03 10:33:10.514922,64.0821075439
Black,2013-07-03 10:33:10.628382,57.4022102356
Black,2013-07-03 10:33:10.723845,52.3955726624
Black,2013-07-03 10:33:10.816714,96.8746643066
Black,2013-07-03 10:33:10.913193,89.743309021
Black,2013-07-03 10:33:11.011520,125.890426636
Black,2013-07-03 10:33:11.108030,78.5046005249
Black,2013-07-03 10:33:11.208182,73.5919189453
Black,2013-07-03 10:33:11.303711,69.6677246094
Black,2013-07-03 10:33:11.406738,65.8950042725
Black,2013-07-03 10:33:11.504426,62.4300956726
Black,2013-07-03 10:33:11.598875,59.3799247742
Black,2013-07-03 10:33:11.696999,56.6847953796
Black,2013-07-03 10:33:11.794244,54.182094574
Black,2013-07-03 10:33:11.910078,51.5770568848
Black,2013-07-03 10:33:12.011128,74.0194015503
Black,2013-07-03 10:33:12.112535,71.1815795898
Black,2013-07-03 10:33:12.206019,68.4985275269
Black,2013-07-03 10:33:12.307753,66.0308380127
Black,2013-07-03 10:33:12.404800,63.7150115967
Black,2013-07-03 10:33:12.503925,61.5911254883
Black,2013-07-03 10:33:12.599655,59.6422119141
Black,2013-07-03 10:33:12.704280,76.9475708008
Black,2013-07-03 10:33:12.800429,74.4951171875
Black,2013-07-03 10:33:12.900550,72.3193054199
Black,2013-07-03 10:33:12.999656,70.198059082
Black,2013-07-03 10:33:13.093722,68.2774429321
Black,2013-07-03 10:33:13.203177,66.2941741943
Black,2013-07-03 10:33:13.293698,64.5650787354
Black,2013-07-03 10:33:13.394619,78.618888855
Black,2013-07-03 10:33:13.493721,76.6489105225
Black,2013-07-03 10:33:13.596734,74.705581665
Black,2013-07-03 10:33:13.699806,72.8392944336
Black,2013-07-03 10:33:13.801982,71.0891571045
Black,2013-07-03 10:33:13.908911,69.3436737061
Black,2013-07-03 10:33:14.010743,67.75440979
Black,2013-07-03 10:33:14.110515,66.2268066406
Black,2013-07-03 10:33:14.213292,64.7933883667
Black,2013-07-03 10:33:14.318417,76.0527420044
Black,2013-07-03 10:33:14.417520,74.4555130005
Black,2013-07-03 10:33:14.506453,146.054229736
Black,2013-07-03 10:33:14.603676,71.6351470947
Black,2013-07-03 10:33:14.701368,70.317199707
Black,2013-07-03 10:33:14.802026,68.9616851807
Black,2013-07-03 10:33:14.890316,67.7691497803
Black,2013-07-03 10:33:14.987862,66.5652770996
Black,2013-07-03 10:33:15.089400,65.3547439575
Black,2013-07-03 10:33:15.189654,64.2264633179
Black,2013-07-03 10:33:15.285129,63.0783042908
Black,2013-07-03 10:33:15.385147,144.754241943
Black,2013-07-03 10:33:15.484889,142.266372681
Black,2013-07-03 10:33:15.584110,139.821151733
Black,2013-07-03 10:33:15.679620,147.505706787
Black,2013-07-03 10:33:15.781671,145.192886353
Black,2013-07-03 10:33:15.880195,66.6769561768
Black,2013-07-03 10:33:15.991638,65.5598297119
Black,2013-07-03 10:33:16.117150,64.2703857422
Black,2013-07-03 10:33:16.215953,63.2943267822
Black,2013-07-03 10:33:16.313249,62.3494720459
Black,2013-07-03 10:33:16.412856,61.4812774658
Black,2013-07-03 10:33:16.511030,51.9352912903
Black,2013-07-03 10:33:16.609415,51.2298660278
Black,2013-07-03 10:33:16.712424,143.017562866
Black,2013-07-03 10:33:16.819680,66.3222198486
Black,2013-07-03 10:33:16.920732,65.3811569214
Black,2013-07-03 10:33:17.021505,64.5144958496
Black,2013-07-03 10:33:17.122014,63.6534385681
Black,2013-07-03 10:33:17.223919,62.8065032959
Black,2013-07-03 10:33:17.318183,62.0129737854
Black,2013-07-03 10:33:17.422922,61.2093505859
Black,2013-07-03 10:33:17.519901,52.8981590271
Black,2013-07-03 10:33:17.625525,52.2129135132
Black,2013-07-03 10:33:17.724721,66.2999954224
Black,2013-07-03 10:33:17.816345,65.5491790771
Black,2013-07-03 10:33:17.922288,64.7338104248
Black,2013-07-03 10:33:18.010050,64.0237960815
Black,2013-07-03 10:33:18.108172,63.3184661865
Black,2013-07-03 10:33:18.212167,62.6019325256
Black,2013-07-03 10:33:18.308852,61.87059021
Black,2013-07-03 10:33:18.407513,61.1720428467
Black,2013-07-03 10:33:18.502109,67.2397766113
Black,2013-07-03 10:33:18.600092,66.5379943848
Black,2013-07-03 10:33:18.692235,65.8537445068
Black,2013-07-03 10:33:18.787572,65.1482925415
Black,2013-07-03 10:33:18.884825,64.4930114746
Black,2013-07-03 10:33:18.980491,63.8091239929
Black,2013-07-03 10:33:19.073343,63.1912269592
Black,2013-07-03 10:33:19.167452,62.6043548584
Black,2013-07-03 10:33:19.260115,61.9802246094
Black,2013-07-03 10:33:19.364075,67.4706115723
Black,2013-07-03 10:33:19.465052,66.7697143555
Black,2013-07-03 10:33:19.568477,66.0735244751
Black,2013-07-03 10:33:19.663681,65.4312667847
Black,2013-07-03 10:33:19.759073,64.8402328491
Black,2013-07-03 10:33:19.856759,64.2048187256
Black,2013-07-03 10:33:19.957508,63.6206321716
Black,2013-07-03 10:33:20.052700,63.0227737427
Black,2013-07-03 10:33:20.152639,62.4299278259
Black,2013-07-03 10:33:20.246373,67.4852828979
Black,2013-07-03 10:33:20.345554,66.8834915161
Black,2013-07-03 10:33:20.436917,66.2984924316
Black,2013-07-03 10:33:20.537257,65.7073898315
Black,2013-07-03 10:33:20.640387,65.1172943115
Black,2013-07-03 10:33:20.737707,64.5406417847
Black,2013-07-03 10:33:20.840114,63.9552764893
Black,2013-07-03 10:33:20.942356,63.3771629333
Black,2013-07-03 10:33:21.042092,62.798740387
Black,2013-07-03 10:33:21.136429,62.3099021912
Black,2013-07-03 10:33:21.237820,66.9381713867
Black,2013-07-03 10:33:21.332188,66.3548202515
Black,2013-07-03 10:33:21.435806,65.7957077026
Black,2013-07-03 10:33:21.534410,65.2494125366
Black,2013-07-03 10:33:21.640731,64.6778411865
Black,2013-07-03 10:33:21.740793,64.1526641846
Black,2013-07-03 10:33:21.836275,63.6147499084
Black,2013-07-03 10:33:21.926332,63.1731834412
Black,2013-07-03 10:33:22.023016,62.6769638062
Black,2013-07-03 10:33:22.123054,66.9741134644
Black,2013-07-03 10:33:22.216902,66.4808197021
Black,2013-07-03 10:33:22.318438,65.9545822144
Black,2013-07-03 10:33:22.418825,65.4077606201
Black,2013-07-03 10:33:22.526237,64.8998794556
Black,2013-07-03 10:33:22.625268,64.4033508301
Black,2013-07-03 10:33:22.724367,63.9214668274
Black,2013-07-03 10:33:22.827054,63.4178466797
Black,2013-07-03 10:33:22.924840,62.9313735962
Black,2013-07-03 10:33:23.017639,62.5095481873
Black,2013-07-03 10:33:23.115039,66.5049591064
Black,2013-07-03 10:33:23.208590,66.0195236206
Black,2013-07-03 10:33:23.307445,65.571647644
Black,2013-07-03 10:33:23.410742,65.0824661255
Black,2013-07-03 10:33:23.509149,64.6175689697
Black,2013-07-03 10:33:23.609275,64.1591033936
Black,2013-07-03 10:33:23.709195,63.6885032654
Black,2013-07-03 10:33:23.812259,63.2539100647
Black,2013-07-03 10:33:23.910623,62.7950439453
Black,2013-07-03 10:33:24.021741,62.3326301575
Black,2013-07-03 10:33:24.124834,61.8890647888
Black,2013-07-03 10:33:24.220518,65.5763397217
Black,2013-07-03 10:33:24.320043,65.1321029663
Black,2013-07-03 10:33:24.414814,64.713180542
Black,2013-07-03 10:33:24.516420,64.2801132202
Black,2013-07-03 10:33:24.611671,63.8482704163
Black,2013-07-03 10:33:24.706074,63.4480323792
Black,2013-07-03 10:33:24.804919,63.0534286499
Black,2013-07-03 10:33:24.898924,62.6551437378
Black,2013-07-03 10:33:24.995372,77.8488540649
Black,2013-07-03 10:33:25.095128,77.3571090698
Black,2013-07-03 10:33:25.193102,76.8546295166
Black,2013-07-03 10:33:25.290909,76.3903274536
Black,2013-07-03 10:33:25.381492,64.5322265625
Black,2013-07-03 10:33:25.470055,64.1680145264
Black,2013-07-03 10:33:25.561053,63.8247642517
Black,2013-07-03 10:33:25.656675,63.4400520325
Black,2013-07-03 10:33:25.748999,63.0751686096
Black,2013-07-03 10:33:25.851660,77.4464492798
Black,2013-07-03 10:33:25.957045,76.9522781372
Black,2013-07-03 10:33:26.042351,76.5205612183
Black,2013-07-03 10:33:26.135667,76.1130065918
Black,2013-07-03 10:33:26.241585,64.8279037476
Black,2013-07-03 10:33:26.345927,64.4210357666
Black,2013-07-03 10:33:26.448104,64.0338516235
Black,2013-07-03 10:33:26.554551,63.6375465393
Black,2013-07-03 10:33:26.651328,77.3165969849
Black,2013-07-03 10:33:26.748761,76.8779220581
Black,2013-07-03 10:33:26.846704,76.448059082
Black,2013-07-03 10:33:26.947659,76.0091247559
Black,2013-07-03 10:33:27.049140,65.2594451904
Black,2013-07-03 10:33:27.148230,64.8847045898
Black,2013-07-03 10:33:27.243548,64.5360641479
Black,2013-07-03 10:33:27.341111,64.1835403442
Black,2013-07-03 10:33:27.435004,63.8352584839
Black,2013-07-03 10:33:27.534864,76.8805236816
Black,2013-07-03 10:33:27.639469,76.4260101318
Black,2013-07-03 10:33:27.733484,76.0212020874
Black,2013-07-03 10:33:27.827840,75.6374435425
Black,2013-07-03 10:33:27.928461,65.3966217041
Black,2013-07-03 10:33:28.031373,65.0391540527
Black,2013-07-03 10:33:28.130357,64.6935501099
Black,2013-07-03 10:33:28.230848,64.3505477905
Black,2013-07-03 10:33:28.328711,64.0027618408
Black,2013-07-03 10:33:28.428985,76.3875427246
Black,2013-07-03 10:33:28.523775,76.02368927
Black,2013-07-03 10:33:28.627684,75.6115264893
Black,2013-07-03 10:33:28.728981,68.942489624
Black,2013-07-03 10:33:28.823129,65.4711456299
Black,2013-07-03 10:33:28.930362,65.1296920776
Black,2013-07-03 10:33:29.023474,64.7969665527
Black,2013-07-03 10:33:29.125576,64.472038269
Black,2013-07-03 10:33:29.218089,64.1556396484
Black,2013-07-03 10:33:29.322227,63.829624176
Black,2013-07-03 10:33:29.416370,63.5203781128
Black,2013-07-03 10:33:29.517927,63.2044334412
Black,2013-07-03 10:33:29.619164,68.8866882324
Black,2013-07-03 10:33:29.712881,77.4848480225
Black,2013-07-03 10:33:29.812696,77.1189041138
Black,2013-07-03 10:33:29.911618,64.9324111938
Black,2013-07-03 10:33:30.007921,64.6137390137
Black,2013-07-03 10:33:30.095573,64.3245162964
Black,2013-07-03 10:33:30.193026,64.0300979614
Black,2013-07-03 10:33:30.283033,63.7535667419
Black,2013-07-03 10:33:30.381147,63.4694137573
Black,2013-07-03 10:33:30.484657,63.1484451294
Black,2013-07-03 10:33:30.589039,77.1137390137
Black,2013-07-03 10:33:30.689061,76.7416534424
Black,2013-07-03 10:33:30.778383,65.0877380371
Black,2013-07-03 10:33:30.881648,64.7933349609
Black,2013-07-03 10:33:30.990758,64.4601211548
Black,2013-07-03 10:33:31.089146,64.1587371826
Black,2013-07-03 10:33:31.188009,63.8722229004
Black,2013-07-03 10:33:31.287127,63.5782928467
Black,2013-07-03 10:33:31.391936,63.2658538818
Black,2013-07-03 10:33:31.493530,76.6720199585
Black,2013-07-03 10:33:31.591486,76.3316726685
Black,2013-07-03 10:33:31.708655,65.0844497681
Black,2013-07-03 10:33:31.813306,64.7689666748
Black,2013-07-03 10:33:31.908512,64.4943466187
Black,2013-07-03 10:33:32.009746,64.201713562
Black,2013-07-03 10:33:32.112112,63.914516449
Black,2013-07-03 10:33:32.211274,63.6415214539
Black,2013-07-03 10:33:32.301454,63.3666687012
Black,2013-07-03 10:33:32.401421,63.1063842773
Black,2013-07-03 10:33:32.500982,65.444732666
Black,2013-07-03 10:33:32.593091,65.1676254272
Black,2013-07-03 10:33:32.689733,64.9125595093
Black,2013-07-03 10:33:32.790416,64.6307678223
Black,2013-07-03 10:33:32.894275,64.3504104614
Black,2013-07-03 10:33:32.990416,64.0794830322
Black,2013-07-03 10:33:33.095627,63.7914924622
Black,2013-07-03 10:33:33.203305,63.500377655
Black,2013-07-03 10:33:33.297150,63.234992981
Black,2013-07-03 10:33:33.392628,62.9790077209
Black,2013-07-03 10:33:33.491757,65.2468414307
Black,2013-07-03 10:33:33.584409,64.9782943726
Black,2013-07-03 10:33:33.679904,64.7298355103
Black,2013-07-03 10:33:33.782710,64.4631118774
Black,2013-07-03 10:33:33.888537,64.1823425293
Black,2013-07-03 10:33:34.000964,63.8911781311
Black,2013-07-03 10:33:34.108215,63.6123809814
Black,2013-07-03 10:33:34.242431,63.2899627686
Black,2013-07-03 10:33:34.364181,62.9665260315
Black,2013-07-03 10:33:34.478496,65.0760421753
Black,2013-07-03 10:33:34.579660,64.798500061
Black,2013-07-03 10:33:34.675049,64.5463485718
Black,2013-07-03 10:33:34.775185,64.311630249
Black,2013-07-03 10:33:34.876625,64.0493164062
Black,2013-07-03 10:33:34.973951,63.7970199585
Black,2013-07-03 10:33:35.072562,63.5546646118
Black,2013-07-03 10:33:35.167312,63.3064613342
Black,2013-07-03 10:33:35.267347,63.0641288757
Black,2013-07-03 10:33:35.364608,62.8299980164
Black,2013-07-03 10:33:35.465057,64.9076309204
Black,2013-07-03 10:33:35.555991,64.6736907959
Black,2013-07-03 10:33:35.647100,64.4408493042
Black,2013-07-03 10:33:35.739116,64.2097244263
Black,2013-07-03 10:33:35.844239,63.9749603271
Black,2013-07-03 10:33:35.946324,63.7189712524
Black,2013-07-03 10:33:36.040075,63.4861831665
Black,2013-07-03 10:33:36.142224,63.2618637085
Black,2013-07-03 10:33:36.229979,63.031337738
Black,2013-07-03 10:33:36.332668,65.0467605591
Black,2013-07-03 10:33:36.428993,64.7956085205
Black,2013-07-03 10:33:36.527909,64.574180603
Black,2013-07-03 10:33:36.630115,64.3353805542
Black,2013-07-03 10:33:36.725571,64.101272583
Black,2013-07-03 10:33:36.824329,63.8724708557
Black,2013-07-03 10:33:36.927482,63.6298904419
Black,2013-07-03 10:33:37.029698,63.3870353699
Black,2013-07-03 10:33:37.128596,63.16588974
Black,2013-07-03 10:33:37.232189,62.9378242493
Black,2013-07-03 10:33:37.328472,64.8632583618
Black,2013-07-03 10:33:37.433817,64.6288375854
Black,2013-07-03 10:33:37.526282,64.4093704224
Black,2013-07-03 10:33:37.623196,64.1879043579
Black,2013-07-03 10:33:37.722120,63.9602813721
Black,2013-07-03 10:33:37.819890,63.74609375
Black,2013-07-03 10:33:37.917923,63.5226020813
Black,2013-07-03 10:33:38.022085,63.2895393372
Black,2013-07-03 10:33:38.127093,63.0588035583
Black,2013-07-03 10:33:38.227237,64.9317321777
Black,2013-07-03 10:33:38.332013,64.6968917847
Black,2013-07-03 10:33:38.428185,64.4799957275
Black,2013-07-03 10:33:38.527935,64.258972168
Black,2013-07-03 10:33:38.630384,64.0328063965
Black,2013-07-03 10:33:38.725133,63.8182792664
Black,2013-07-03 10:33:38.824888,63.6092605591
Black,2013-07-03 10:33:38.929646,63.3793945312
Black,2013-07-03 10:33:39.026291,63.1641235352
Black,2013-07-03 10:33:39.131588,64.9833755493
Black,2013-07-03 10:33:39.228752,64.7600708008
Black,2013-07-03 10:33:39.326350,64.5392227173
Black,2013-07-03 10:33:39.425993,64.3280487061
Black,2013-07-03 10:33:39.522652,64.1178436279
Black,2013-07-03 10:33:39.620093,63.915019989
Black,2013-07-03 10:33:39.720317,63.6962547302
Black,2013-07-03 10:33:39.822645,63.4941482544
Black,2013-07-03 10:33:39.920931,63.2808151245
Black,2013-07-03 10:33:40.017941,65.0548553467
Black,2013-07-03 10:33:40.116140,64.842300415
Black,2013-07-03 10:33:40.211949,64.6377105713
Black,2013-07-03 10:33:40.312122,64.433807373
Black,2013-07-03 10:33:40.419113,64.2168273926
Black,2013-07-03 10:33:40.523493,63.9931373596
Black,2013-07-03 10:33:40.623587,63.7867240906
Black,2013-07-03 10:33:40.726838,63.5784645081
Black,2013-07-03 10:33:40.825243,63.3777809143
Black,2013-07-03 10:33:40.928787,65.0804977417
Black,2013-07-03 10:33:41.030476,64.8687896729
Black,2013-07-03 10:33:41.132213,64.6599349976
Black,2013-07-03 10:33:41.233631,64.4519500732
Black,2013-07-03 10:33:41.321404,64.2604141235
Black,2013-07-03 10:33:41.421876,64.0710449219
Black,2013-07-03 10:33:41.520280,63.8674621582
Black,2013-07-03 10:33:41.621288,63.6693267822
Black,2013-07-03 10:33:41.719225,63.4748458862
Black,2013-07-03 10:33:41.814882,63.2840538025
Black,2013-07-03 10:33:41.917273,64.9421615601
Black,2013-07-03 10:33:42.019141,64.7425613403
Black,2013-07-03 10:33:42.117047,64.5406036377
Black,2013-07-03 10:33:42.222570,64.3368911743
Black,2013-07-03 10:33:42.314549,64.1466827393
Black,2013-07-03 10:33:42.429821,63.9553527832
Black,2013-07-03 10:33:42.531647,64.7277374268
Black,2013-07-03 10:33:42.634273,59.7431373596
Black,2013-07-03 10:33:42.740669,61.3516044617
Black,2013-07-03 10:33:42.839224,50.6698493958
Black,2013-07-03 10:33:42.951997,50.2601890564
Black,2013-07-03 10:33:43.058258,50.1184082031
Black,2013-07-03 10:33:43.159501,59.6545219421
Black,2013-07-03 10:33:43.263065,60.2653999329
Black,2013-07-03 10:33:43.366899,61.2660980225
Black,2013-07-03 10:33:43.465637,59.8849945068
Black,2013-07-03 10:33:43.568273,58.6390266418
Black,2013-07-03 10:33:43.671346,60.6090927124
Black,2013-07-03 10:33:43.779089,71.0651473999
Black,2013-07-03 10:33:43.888589,71.9785461426
Black,2013-07-03 10:33:43.985142,68.9883270264
Black,2013-07-03 10:33:44.083928,65.4431915283
Black,2013-07-03 10:33:44.186293,61.0820922852
Black,2013-07-03 10:33:44.279961,53.9625396729
Black,2013-07-03 10:33:44.380413,57.1957321167
Black,2013-07-03 10:33:44.480545,100.957244873
Black,2013-07-03 10:33:44.578327,86.1759490967
Black,2013-07-03 10:33:44.677249,75.5350723267
Black,2013-07-03 10:33:44.778416,67.1070404053
Black,2013-07-03 10:33:44.877731,60.4406776428
Black,2013-07-03 10:33:44.978891,54.8955307007
Black,2013-07-03 10:33:45.082415,50.0929641724
Black,2013-07-03 10:33:45.179856,138.827926636
Black,2013-07-03 10:33:45.284498,85.7911300659
Black,2013-07-03 10:33:45.380300,80.2749099731
Black,2013-07-03 10:33:45.482836,75.1029891968
Black,2013-07-03 10:33:45.575504,70.8638916016
Black,2013-07-03 10:33:45.671694,67.1827774048
Black,2013-07-03 10:33:45.775454,63.5560569763
Black,2013-07-03 10:33:45.876209,60.2791824341
Black,2013-07-03 10:33:45.973631,57.4442710876
Black,2013-07-03 10:33:46.081995,54.6958694458
Black,2013-07-03 10:33:46.182840,52.1571960449
Black,2013-07-03 10:33:46.286863,74.9427642822
Black,2013-07-03 10:33:46.385227,72.0349502563
Black,2013-07-03 10:33:46.482410,69.2651596069
Black,2013-07-03 10:33:46.573855,66.8449172974
Black,2013-07-03 10:33:46.669368,64.584602356
Black,2013-07-03 10:33:46.767259,62.4529457092
Black,2013-07-03 10:33:46.880220,60.1976318359
Black,2013-07-03 10:33:46.980447,58.2368774414
Black,2013-07-03 10:33:47.071578,56.4544525146
Black,2013-07-03 10:33:47.164989,54.8305053711
Black,2013-07-03 10:33:47.261095,53.2871322632
Black,2013-07-03 10:33:47.354107,51.851890564
Black,2013-07-03 10:33:47.446430,50.4755630493
Black,2013-07-03 10:33:47.537298,65.6896972656
Black,2013-07-03 10:33:47.640624,63.8797492981
Black,2013-07-03 10:33:47.734834,62.3099060059
Black,2013-07-03 10:33:47.833034,60.7854537964
Black,2013-07-03 10:33:47.941333,59.2018852234
Black,2013-07-03 10:33:48.045935,57.7063713074
Black,2013-07-03 10:33:48.142966,56.3661575317
Black,2013-07-03 10:33:48.233786,55.1448516846
Black,2013-07-03 10:33:48.337560,53.9307785034
Black,2013-07-03 10:33:48.434386,52.7501182556
Black,2013-07-03 10:33:48.529759,51.6880760193
Black,2013-07-03 10:33:48.629481,50.6035194397
Black,2013-07-03 10:33:48.723976,61.9907989502
Black,2013-07-03 10:33:48.827781,60.7059516907
Black,2013-07-03 10:33:48.925760,59.5001983643
Black,2013-07-03 10:33:49.019714,58.3807983398
Black,2013-07-03 10:33:49.116491,57.4038543701
Black,2013-07-03 10:33:49.213615,56.3205757141
Black,2013-07-03 10:33:49.315915,55.243938446
Black,2013-07-03 10:33:49.410910,54.2775001526
Black,2013-07-03 10:33:49.500305,53.3971633911
Black,2013-07-03 10:33:49.597133,52.5211906433
Black,2013-07-03 10:33:49.697479,51.6117935181
Black,2013-07-03 10:33:49.793910,50.7769813538
Black,2013-07-03 10:33:49.901369,59.8258361816
Black,2013-07-03 10:33:50.001454,58.8461914062
Black,2013-07-03 10:33:50.107306,57.8979301453
Black,2013-07-03 10:33:50.203069,56.9961891174
Black,2013-07-03 10:33:50.308589,56.0551490784
Black,2013-07-03 10:33:50.404465,55.192653656
Black,2013-07-03 10:33:50.500369,54.4117507935
Black,2013-07-03 10:33:50.594610,53.619430542
Black,2013-07-03 10:33:50.686043,52.9106826782
Black,2013-07-03 10:33:50.789837,52.1405410767
Black,2013-07-03 10:33:50.896294,51.3527984619
Black,2013-07-03 10:33:50.988432,50.6553192139
Black,2013-07-03 10:33:51.092967,58.2568054199
Black,2013-07-03 10:33:51.188494,57.4842033386
Black,2013-07-03 10:33:51.283378,56.7325286865
Black,2013-07-03 10:33:51.389387,55.9905548096
Black,2013-07-03 10:33:51.492550,55.2229881287
Black,2013-07-03 10:33:51.590493,54.5065574646
Black,2013-07-03 10:33:51.690644,53.7976608276
Black,2013-07-03 10:33:51.788349,53.1487388611
Black,2013-07-03 10:33:51.893238,52.4553337097
Black,2013-07-03 10:33:51.989805,51.8061599731
Black,2013-07-03 10:33:52.085737,51.2091445923
Black,2013-07-03 10:33:52.180623,50.6069526672
Black,2013-07-03 10:33:52.285189,50.0068473816
Black,2013-07-03 10:33:52.386414,56.441204071
Black,2013-07-03 10:33:52.481675,55.8369827271
Black,2013-07-03 10:33:52.581757,55.1901893616
Black,2013-07-03 10:33:52.679675,54.5662078857
Black,2013-07-03 10:33:52.777476,53.9720077515
Black,2013-07-03 10:33:52.886979,53.3475341797
Black,2013-07-03 10:33:52.981360,52.7462310791
Black,2013-07-03 10:33:53.079083,52.2062759399
Black,2013-07-03 10:33:53.176920,51.6571846008
Black,2013-07-03 10:33:53.279137,51.095199585
Black,2013-07-03 10:33:53.370762,50.5842628479
Black,2013-07-03 10:33:53.478360,50.0449256897
Black,2013-07-03 10:33:53.573495,61.901222229
Black,2013-07-03 10:33:53.666122,61.3331680298
Black,2013-07-03 10:33:53.769105,60.6987762451
Black,2013-07-03 10:33:53.864477,54.0948181152
Black,2013-07-03 10:33:53.968341,53.5556869507
Black,2013-07-03 10:33:54.074177,53.0094680786
Black,2013-07-03 10:33:54.168647,52.5023956299
Black,2013-07-03 10:33:54.271450,51.9874763489
Black,2013-07-03 10:33:54.364546,51.5150680542
Black,2013-07-03 10:33:54.464762,51.0381202698
Black,2013-07-03 10:33:54.564754,50.5495300293
Black,2013-07-03 10:33:54.660388,50.0951843262
Black,2013-07-03 10:33:54.763783,88.2638778687
Black,2013-07-03 10:33:54.869459,87.432434082
Black,2013-07-03 10:33:54.964532,59.5699043274
Black,2013-07-03 10:33:55.067607,59.0304946899
Black,2013-07-03 10:33:55.163676,58.4986991882
Black,2013-07-03 10:33:55.263169,52.7183456421
Black,2013-07-03 10:33:55.357139,52.2911682129
Black,2013-07-03 10:33:55.454320,51.8546295166
Black,2013-07-03 10:33:55.551451,51.4173736572
Black,2013-07-03 10:33:55.650553,50.9941444397
Black,2013-07-03 10:33:55.751442,50.5637435913
Black,2013-07-03 10:33:55.844971,50.1534729004
Black,2013-07-03 10:33:55.933712,64.7076644897
Black,2013-07-03 10:33:56.029848,64.2224502563
Black,2013-07-03 10:33:56.123380,63.7048683167
Black,2013-07-03 10:33:56.225420,58.3535575867
Black,2013-07-03 10:33:56.322422,57.8744392395
Black,2013-07-03 10:33:56.421584,57.4337501526
Black,2013-07-03 10:33:56.514799,52.2452697754
Black,2013-07-03 10:33:56.603447,51.8779754639
Black,2013-07-03 10:33:56.706394,51.4784851074
Black,2013-07-03 10:33:56.805334,51.0808830261
Black,2013-07-03 10:33:56.903653,50.6828041077
Black,2013-07-03 10:33:56.999123,50.3171081543
Black,2013-07-03 10:33:57.098457,63.561126709
Black,2013-07-03 10:33:57.194021,63.0895004272
Black,2013-07-03 10:33:57.296546,58.1738891602
Black,2013-07-03 10:33:57.389723,57.7368812561
Black,2013-07-03 10:33:57.490683,57.3283081055
Black,2013-07-03 10:33:57.591013,56.9136161804
Black,2013-07-03 10:33:57.693441,52.1444091797
Black,2013-07-03 10:33:57.792478,51.7565956116
Black,2013-07-03 10:33:57.891475,51.407749176
Black,2013-07-03 10:33:57.981544,51.0525436401
Black,2013-07-03 10:33:58.082606,50.7168388367
Black,2013-07-03 10:33:58.190127,50.3446311951
Black,2013-07-03 10:33:58.282859,58.3205833435
Black,2013-07-03 10:33:58.383909,57.9522628784
Black,2013-07-03 10:33:58.489417,57.5164070129
Black,2013-07-03 10:33:58.588302,57.1313972473
Black,2013-07-03 10:33:58.690053,56.7417640686
Black,2013-07-03 10:33:58.793225,52.3225784302
Black,2013-07-03 10:33:58.893774,51.9787330627
Black,2013-07-03 10:33:58.992514,51.6354103088
Black,2013-07-03 10:33:59.091911,51.297454834
Black,2013-07-03 10:33:59.186062,50.964756012
Black,2013-07-03 10:33:59.278995,50.6680488586
Black,2013-07-03 10:33:59.376104,50.3528556824
Black,2013-07-03 10:33:59.470564,50.030330658
Black,2013-07-03 10:33:59.568695,57.3817749023
Black,2013-07-03 10:33:59.654387,57.0514678955
Black,2013-07-03 10:33:59.754175,56.7149963379
Black,2013-07-03 10:33:59.852496,56.3649864197
Black,2013-07-03 10:33:59.946172,52.2914772034
Black,2013-07-03 10:34:00.041785,51.9841041565
Black,2013-07-03 10:34:00.139527,51.6799621582
Black,2013-07-03 10:34:00.240575,51.3572044373
Black,2013-07-03 10:34:00.343535,51.0328826904
Black,2013-07-03 10:34:00.441171,50.7393951416
Black,2013-07-03 10:34:00.532584,57.6569480896
Black,2013-07-03 10:34:00.631242,57.3152275085
Black,2013-07-03 10:34:00.729523,56.9867286682
Black,2013-07-03 10:34:00.836347,56.6461257935
Black,2013-07-03 10:34:00.935681,56.3067817688
Black,2013-07-03 10:34:01.031600,62.9801101685
Black,2013-07-03 10:34:01.129887,52.1832237244
Black,2013-07-03 10:34:01.215021,51.9130210876
Black,2013-07-03 10:34:01.308554,51.6467933655
Black,2013-07-03 10:34:01.398712,51.3815765381
Black,2013-07-03 10:34:01.496930,57.9191894531
Black,2013-07-03 10:34:01.603286,57.5803794861
Black,2013-07-03 10:34:01.704540,57.2464942932
Black,2013-07-03 10:34:01.804247,56.924823761
Black,2013-07-03 10:34:01.911454,56.5901298523
Black,2013-07-03 10:34:02.004720,56.290851593
Black,2013-07-03 10:34:02.100018,55.9810829163
Black,2013-07-03 10:34:02.198792,55.7061500549
Black,2013-07-03 10:34:02.296623,52.1446266174
Black,2013-07-03 10:34:02.392328,58.3387565613
Black,2013-07-03 10:34:02.492432,58.0386581421
Black,2013-07-03 10:34:02.593161,57.7325401306
Black,2013-07-03 10:34:02.700807,57.4032478333
Black,2013-07-03 10:34:02.796039,57.0944023132
Black,2013-07-03 10:34:02.894865,56.8135566711
Black,2013-07-03 10:34:02.995057,56.510723114
Black,2013-07-03 10:34:03.090708,56.2221031189
Black,2013-07-03 10:34:03.182979,55.9660186768
Black,2013-07-03 10:34:03.282625,55.6696968079
Black,2013-07-03 10:34:03.378686,58.4672317505
Black,2013-07-03 10:34:03.471497,58.1902542114
Black,2013-07-03 10:34:03.567582,57.9192237854
Black,2013-07-03 10:34:03.668444,57.6256790161
Black,2013-07-03 10:34:03.775159,57.3184623718
Black,2013-07-03 10:34:03.876906,57.0245475769
Black,2013-07-03 10:34:03.977553,56.7310829163
Black,2013-07-03 10:34:04.068916,56.4768562317
Black,2013-07-03 10:34:04.172103,56.1977539062
Black,2013-07-03 10:34:04.263453,55.9259147644
Black,2013-07-03 10:34:04.368076,58.5832176208
Black,2013-07-03 10:34:04.473409,58.292263031
Black,2013-07-03 10:34:04.573597,58.0043945312
Black,2013-07-03 10:34:04.677703,57.7193489075
Black,2013-07-03 10:34:04.770356,57.4549789429
Black,2013-07-03 10:34:04.872244,57.1803855896
Black,2013-07-03 10:34:04.977492,56.9004249573
Black,2013-07-03 10:34:05.073918,56.6173973083
Black,2013-07-03 10:34:05.171527,56.3689155579
Black,2013-07-03 10:34:05.262751,56.1357116699
Black,2013-07-03 10:34:05.355340,55.8797988892
Black,2013-07-03 10:34:05.451799,58.4174728394
Black,2013-07-03 10:34:05.548131,58.1698150635
Black,2013-07-03 10:34:05.643829,57.8988342285
Black,2013-07-03 10:34:05.735030,57.658115387
Black,2013-07-03 10:34:05.838468,57.3941116333
Black,2013-07-03 10:34:05.941706,57.1229705811
Black,2013-07-03 10:34:06.034493,56.8845443726
Black,2013-07-03 10:34:06.149266,56.5971183777
Black,2013-07-03 10:34:06.244239,56.3514137268
Black,2013-07-03 10:34:06.354512,56.0894203186
Black,2013-07-03 10:34:06.451762,58.4939422607
Black,2013-07-03 10:34:06.551484,58.2292938232
Black,2013-07-03 10:34:06.653076,57.978969574
Black,2013-07-03 10:34:06.749508,57.735748291
Black,2013-07-03 10:34:06.842912,57.4909057617
Black,2013-07-03 10:34:06.944115,57.2448005676
Black,2013-07-03 10:34:07.041794,56.9922904968
Black,2013-07-03 10:34:07.144843,56.7529258728
Black,2013-07-03 10:34:07.238658,56.5185966492
Black,2013-07-03 10:34:07.337296,56.2884101868
Black,2013-07-03 10:34:07.437669,56.0374336243
Black,2013-07-03 10:34:07.548856,58.326423645
Black,2013-07-03 10:34:07.646857,58.0778198242
Black,2013-07-03 10:34:07.747826,57.8315925598
Black,2013-07-03 10:34:07.849216,57.5906524658
Black,2013-07-03 10:34:07.953541,57.3420906067
Black,2013-07-03 10:34:08.047911,57.1134109497
Black,2013-07-03 10:34:08.150627,56.8718185425
Black,2013-07-03 10:34:08.248103,56.6501426697
Black,2013-07-03 10:34:08.342818,56.4217414856
Black,2013-07-03 10:34:08.439317,56.2038269043
Black,2013-07-03 10:34:08.537591,55.9722480774
Black,2013-07-03 10:34:08.641600,58.1677436829
Black,2013-07-03 10:34:08.744558,57.929889679
Black,2013-07-03 10:34:08.840382,57.6966018677
Black,2013-07-03 10:34:08.946835,57.4508476257
Black,2013-07-03 10:34:09.039539,57.2342567444
Black,2013-07-03 10:34:09.130368,57.0349121094
Black,2013-07-03 10:34:09.229347,56.8182830811
Black,2013-07-03 10:34:09.323272,56.5938262939
Black,2013-07-03 10:34:09.416605,56.4022064209
Black,2013-07-03 10:34:09.518357,56.1817817688
Black,2013-07-03 10:34:09.620301,58.2952728271
Black,2013-07-03 10:34:09.717736,58.0680847168
Black,2013-07-03 10:34:09.808987,57.8586082458
Black,2013-07-03 10:34:09.914936,57.6344184875
Black,2013-07-03 10:34:10.015032,57.4065856934
Black,2013-07-03 10:34:10.110828,57.1995124817
Black,2013-07-03 10:34:10.211455,56.9728431702
Black,2013-07-03 10:34:10.304125,56.7707710266
Black,2013-07-03 10:34:10.402282,56.5641403198
Black,2013-07-03 10:34:10.497266,56.3590888977
Black,2013-07-03 10:34:10.585945,56.1644554138
Black,2013-07-03 10:34:10.690249,58.2018852234
Black,2013-07-03 10:34:10.797440,57.9753646851
Black,2013-07-03 10:34:10.891199,57.7514610291
Black,2013-07-03 10:34:10.995656,57.5373344421
Black,2013-07-03 10:34:11.099002,57.3201675415
Black,2013-07-03 10:34:11.196935,57.1204872131
Black,2013-07-03 10:34:11.298523,56.9134902954
Black,2013-07-03 10:34:11.401526,56.6962623596
Black,2013-07-03 10:34:11.501486,56.4938659668
Black,2013-07-03 10:34:11.601257,56.2878303528
Black,2013-07-03 10:34:11.698524,56.0793571472
Black,2013-07-03 10:34:11.799457,58.0380630493
Black,2013-07-03 10:34:11.904612,57.8228492737
Black,2013-07-03 10:34:12.000682,57.6120185852
Black,2013-07-03 10:34:12.093549,57.4228401184
Black,2013-07-03 10:34:12.189120,57.2314796448
Black,2013-07-03 10:34:12.284723,57.0406761169
Black,2013-07-03 10:34:12.385775,56.8414878845
Black,2013-07-03 10:34:12.490251,56.644405365
Black,2013-07-03 10:34:12.579728,56.4476966858
Black,2013-07-03 10:34:12.686176,56.2534103394
Black,2013-07-03 10:34:12.786540,56.0610122681
Black,2013-07-03 10:34:12.890397,57.9131851196
Black,2013-07-03 10:34:12.985352,57.7259407043
Black,2013-07-03 10:34:13.090107,57.5290298462
Black,2013-07-03 10:34:13.187316,57.3396453857
Black,2013-07-03 10:34:13.287913,57.1350784302
Black,2013-07-03 10:34:13.382927,56.9456672668
Black,2013-07-03 10:34:13.480291,56.7691650391
Black,2013-07-03 10:34:13.577703,56.5751991272
Black,2013-07-03 10:34:13.678372,56.3816566467
Black,2013-07-03 10:34:13.783349,56.1965789795
Black,2013-07-03 10:34:13.882946,58.0074043274
Black,2013-07-03 10:34:13.981539,57.809967041
Black,2013-07-03 10:34:14.082185,57.6176452637
Black,2013-07-03 10:34:14.173251,57.4452896118
Black,2013-07-03 10:34:14.273628,57.262298584
Black,2013-07-03 10:34:14.380429,57.053314209
Black,2013-07-03 10:34:14.477612,56.8736457825
Black,2013-07-03 10:34:14.573247,56.6916809082
Black,2013-07-03 10:34:14.669717,56.5192489624
Black,2013-07-03 10:34:14.771503,56.3297653198
Black,2013-07-03 10:34:14.876904,56.145198822
Black,2013-07-03 10:34:14.977117,55.9641075134
Black,2013-07-03 10:34:15.081011,57.7015953064
Black,2013-07-03 10:34:15.179176,57.5114593506
Black,2013-07-03 10:34:15.276869,57.3425712585
Black,2013-07-03 10:34:15.372082,57.1628456116
Black,2013-07-03 10:34:15.475978,56.9809913635
Black,2013-07-03 10:34:15.561152,56.8169822693
Black,2013-07-03 10:34:15.661759,56.6511421204
Black,2013-07-03 10:34:15.760685,56.468120575
Black,2013-07-03 10:34:15.862735,56.2934036255
Black,2013-07-03 10:34:15.959372,56.1149978638
Black,2013-07-03 10:34:16.057956,55.9470977783
Black,2013-07-03 10:34:16.161439,57.6293640137
Black,2013-07-03 10:34:16.261299,57.4502563477
Black,2013-07-03 10:34:16.367823,57.2790794373
Black,2013-07-03 10:34:16.470186,52.3538017273
Black,2013-07-03 10:34:16.567878,54.8164253235
Black,2013-07-03 10:34:16.670788,53.5702552795
Black,2013-07-03 10:34:16.769770,52.4054756165
Black,2013-07-03 10:34:16.863205,51.3477401733
Black,2013-07-03 10:34:16.967522,50.2422714233
Black,2013-07-03 10:34:17.060794,61.5565414429
Black,2013-07-03 10:34:17.164372,60.3318748474
Black,2013-07-03 10:34:17.266785,59.1006660461
Black,2013-07-03 10:34:17.365067,57.9676780701
Black,2013-07-03 10:34:17.462459,56.8925323486
Black,2013-07-03 10:34:17.563684,55.8108406067
Black,2013-07-03 10:34:17.666862,54.7879943848
Black,2013-07-03 10:34:17.765767,53.8072967529
Black,2013-07-03 10:34:17.860911,52.8809928894
Black,2013-07-03 10:34:17.963792,51.9759902954
Black,2013-07-03 10:34:18.061491,51.1015701294
Black,2013-07-03 10:34:18.150262,50.3061981201
Black,2013-07-03 10:34:18.245667,59.4350204468
Black,2013-07-03 10:34:18.341999,58.5041847229
Black,2013-07-03 10:34:18.435003,57.6088294983
Black,2013-07-03 10:34:18.528751,56.8033790588
Black,2013-07-03 10:34:18.627889,55.9165992737
Black,2013-07-03 10:34:18.728867,55.0726852417
Black,2013-07-03 10:34:18.827127,54.2528266907
Black,2013-07-03 10:34:18.929760,53.4224510193
Black,2013-07-03 10:34:19.034796,52.6161422729
Black,2013-07-03 10:34:19.138319,51.8469467163
Black,2013-07-03 10:34:19.239369,51.0957756042
Black,2013-07-03 10:34:19.325012,58.847820282
Black,2013-07-03 10:34:19.424428,58.06640625
Black,2013-07-03 10:34:19.521704,57.3118667603
Black,2013-07-03 10:34:19.625964,56.4677200317
Black,2013-07-03 10:34:19.724316,55.7594680786
Black,2013-07-03 10:34:19.825962,55.0097885132
Black,2013-07-03 10:34:19.923359,54.3167610168
Black,2013-07-03 10:34:20.023286,53.6150856018
Black,2013-07-03 10:34:20.116442,52.9736022949
Black,2013-07-03 10:34:20.213908,52.3523139954
Black,2013-07-03 10:34:20.309503,51.7248344421
Black,2013-07-03 10:34:20.409369,51.1109886169
Black,2013-07-03 10:34:20.509918,57.700428009
Black,2013-07-03 10:34:20.604957,57.0251808167
Black,2013-07-03 10:34:20.700171,56.3963775635
Black,2013-07-03 10:34:20.801959,55.7526817322
Black,2013-07-03 10:34:20.902538,55.1098213196
Black,2013-07-03 10:34:21.000010,54.5109024048
Black,2013-07-03 10:34:21.094909,53.8950195312
Black,2013-07-03 10:34:21.202859,53.2683334351
Black,2013-07-03 10:34:21.306953,52.676486969
Black,2013-07-03 10:34:21.402167,52.0911102295
Black,2013-07-03 10:34:21.503154,51.5508155823
Black,2013-07-03 10:34:21.617590,50.9787406921
Black,2013-07-03 10:34:21.717150,56.694442749
Black,2013-07-03 10:34:21.816994,56.103843689
Black,2013-07-03 10:34:21.920613,55.5053710938
Black,2013-07-03 10:34:22.014781,54.965171814
Black,2013-07-03 10:34:22.111031,54.4305458069
Black,2013-07-03 10:34:22.209222,53.907989502
Black,2013-07-03 10:34:22.316235,53.3353347778
Black,2013-07-03 10:34:22.420071,52.8064575195
Black,2013-07-03 10:34:22.515518,52.2948074341
Black,2013-07-03 10:34:22.613694,51.8144416809
Black,2013-07-03 10:34:22.718799,51.2988815308
Black,2013-07-03 10:34:22.816921,50.8255271912
Black,2013-07-03 10:34:22.912199,50.351474762
Black,2013-07-03 10:34:23.009457,55.4466590881
Black,2013-07-03 10:34:23.107803,54.9708709717
Black,2013-07-03 10:34:23.203424,54.4864349365
Black,2013-07-03 10:34:23.299770,54.0176200867
Black,2013-07-03 10:34:23.401536,53.5142974854
Black,2013-07-03 10:34:23.509303,53.0420951843
Black,2013-07-03 10:34:23.606188,52.5738372803
Black,2013-07-03 10:34:23.699722,52.138835907
Black,2013-07-03 10:34:23.798585,51.6854782104
Black,2013-07-03 10:34:23.911280,51.2098007202
Black,2013-07-03 10:34:24.013352,50.75440979
Black,2013-07-03 10:34:24.117050,50.3100547791
Black,2013-07-03 10:34:24.219847,54.86901474
Black,2013-07-03 10:34:24.315284,54.4279785156
Black,2013-07-03 10:34:24.414952,53.9973945618
Black,2013-07-03 10:34:24.512053,53.5540847778
Black,2013-07-03 10:34:24.610110,53.1337776184
Black,2013-07-03 10:34:24.715125,84.7280502319
Black,2013-07-03 10:34:24.823541,78.717590332
Black,2013-07-03 10:34:24.920036,73.7818603516
Black,2013-07-03 10:34:25.015564,69.8322372437
Black,2013-07-03 10:34:25.118658,65.873588562
Black,2013-07-03 10:34:25.216075,62.5464897156
Black,2013-07-03 10:34:25.315335,59.4318313599
Black,2013-07-03 10:34:25.416153,56.663646698
Black,2013-07-03 10:34:25.518247,54.0773429871
Black,2013-07-03 10:34:25.619171,51.7378311157
Black,2013-07-03 10:34:25.728083,98.8363265991
Black,2013-07-03 10:34:25.826283,94.7562637329
Black,2013-07-03 10:34:25.918584,68.5822982788
Black,2013-07-03 10:34:26.015221,66.2299880981
Black,2013-07-03 10:34:26.109680,64.0382461548
Black,2013-07-03 10:34:26.203242,61.9440307617
Black,2013-07-03 10:34:26.305585,59.8498954773
Black,2013-07-03 10:34:26.402383,57.9090042114
Black,2013-07-03 10:34:26.503764,56.1544876099
Black,2013-07-03 10:34:26.598771,54.4603805542
Black,2013-07-03 10:34:26.700178,52.8833618164
Black,2013-07-03 10:34:26.799941,51.3863334656
Black,2013-07-03 10:34:26.898886,100.047714233
Black,2013-07-03 10:34:26.998090,97.2142715454
Black,2013-07-03 10:34:27.102618,94.6628341675
Black,2013-07-03 10:34:27.200418,107.579597473
Black,2013-07-03 10:34:27.302515,59.9615936279
Black,2013-07-03 10:34:27.403706,58.4753417969
Black,2013-07-03 10:34:27.506142,57.0326080322
Black,2013-07-03 10:34:27.611850,55.6752700806
Black,2013-07-03 10:34:27.703659,54.4313735962
Black,2013-07-03 10:34:27.799573,53.3132743835
Black,2013-07-03 10:34:27.899197,52.161655426
Black,2013-07-03 10:34:27.993555,51.092376709
Black,2013-07-03 10:34:28.087171,50.0796051025
Black,2013-07-03 10:34:28.187236,61.3385925293
Black,2013-07-03 10:34:28.285085,60.1214332581
Black,2013-07-03 10:34:28.384716,58.9774971008
Black,2013-07-03 10:34:28.484384,57.8656044006
Black,2013-07-03 10:34:28.581902,56.7389945984
Black,2013-07-03 10:34:28.684586,55.7027549744
Black,2013-07-03 10:34:28.782388,54.6839256287
Black,2013-07-03 10:34:28.887583,53.7052879333
Black,2013-07-03 10:34:28.983421,52.749004364
Black,2013-07-03 10:34:29.083583,62.2444953918
Black,2013-07-03 10:34:29.190914,61.1265525818
Black,2013-07-03 10:34:29.288051,60.0527572632
Black,2013-07-03 10:34:29.384110,59.1538047791
Black,2013-07-03 10:34:29.475129,58.2644309998
Black,2013-07-03 10:34:29.571525,57.3692207336
Black,2013-07-03 10:34:29.666632,56.4870147705
Black,2013-07-03 10:34:29.767935,55.6562271118
Black,2013-07-03 10:34:29.866129,54.785320282
Black,2013-07-03 10:34:29.968606,53.956073761
Black,2013-07-03 10:34:30.067085,62.055305481
Black,2013-07-03 10:34:30.170327,61.1193389893
Black,2013-07-03 10:34:30.268899,60.2455596924
Black,2013-07-03 10:34:30.372116,59.3711624146
Black,2013-07-03 10:34:30.471900,56.2361946106
Black,2013-07-03 10:34:30.572764,51.9637947083
Black,2013-07-03 10:34:30.660153,70.0311737061
Black,2013-07-03 10:34:30.771283,75.9699935913
Black,2013-07-03 10:34:30.879194,118.49370575
Black,2013-07-03 10:34:30.978561,98.8458023071
Black,2013-07-03 10:34:31.090369,83.9518966675
Black,2013-07-03 10:34:31.195427,72.8010482788
Black,2013-07-03 10:34:31.291050,64.8956604004
Black,2013-07-03 10:34:31.400094,58.5885429382
Black,2013-07-03 10:34:31.499152,53.2370834351
Black,2013-07-03 10:34:31.598110,97.8944473267
Black,2013-07-03 10:34:31.690514,90.7332000732
Black,2013-07-03 10:34:31.787122,84.7207489014
Black,2013-07-03 10:34:31.882114,79.453414917
Black,2013-07-03 10:34:31.979886,74.568939209
Black,2013-07-03 10:34:32.073502,70.2895507812
Black,2013-07-03 10:34:32.168234,66.768196106
Black,2013-07-03 10:34:32.268152,63.1693992615
Black,2013-07-03 10:34:32.366229,60.2197113037
Black,2013-07-03 10:34:32.464650,57.3808517456
Black,2013-07-03 10:34:32.551361,54.9761199951
Black,2013-07-03 10:34:32.647409,52.6978225708
Black,2013-07-03 10:34:32.741832,50.5367202759
Black,2013-07-03 10:34:32.840002,97.0916595459
Black,2013-07-03 10:34:32.939184,93.3189086914
Black,2013-07-03 10:34:33.041515,89.8427200317
Black,2013-07-03 10:34:33.146290,86.4949951172
Black,2013-07-03 10:34:33.249024,83.3671112061
Black,2013-07-03 10:34:33.351377,80.5251312256
Black,2013-07-03 10:34:33.443082,78.1044540405
Black,2013-07-03 10:34:33.536170,75.7669754028
Black,2013-07-03 10:34:33.630374,73.5914154053
Black,2013-07-03 10:34:33.732382,71.4465637207
Black,2013-07-03 10:34:33.836894,69.3405303955
Black,2013-07-03 10:34:33.937761,84.1011352539
Black,2013-07-03 10:34:34.033264,81.8338699341
Black,2013-07-03 10:34:34.135099,79.6545944214
Black,2013-07-03 10:34:34.231291,77.6990737915
Black,2013-07-03 10:34:34.333208,75.7370910645
Black,2013-07-03 10:34:34.434688,73.852394104
Black,2013-07-03 10:34:34.535975,72.0117797852
Black,2013-07-03 10:34:34.635316,84.4288330078
Black,2013-07-03 10:34:34.735960,82.5153656006
Black,2013-07-03 10:34:34.820814,80.82787323
Black,2013-07-03 10:34:34.926098,79.110496521
Black,2013-07-03 10:34:35.013050,77.4906768799
Black,2013-07-03 10:34:35.115286,75.9143676758
Black,2013-07-03 10:34:35.213010,74.3058624268
Black,2013-07-03 10:34:35.320109,72.7788772583
Black,2013-07-03 10:34:35.409622,83.3278961182
Black,2013-07-03 10:34:35.505701,81.7156524658
Black,2013-07-03 10:34:35.607171,80.1992797852
Black,2013-07-03 10:34:35.694899,78.8141098022
Black,2013-07-03 10:34:35.794701,77.3990859985
Black,2013-07-03 10:34:35.895171,76.0460662842
Black,2013-07-03 10:34:35.994529,74.6555404663
Black,2013-07-03 10:34:36.091858,73.3617401123
Black,2013-07-03 10:34:36.191626,82.4602584839
Black,2013-07-03 10:34:36.285057,81.1021118164
Black,2013-07-03 10:34:36.379911,79.8233642578
Black,2013-07-03 10:34:36.476487,78.6243896484
Black,2013-07-03 10:34:36.575579,77.3419876099
Black,2013-07-03 10:34:36.666739,76.2202148438
Black,2013-07-03 10:34:36.763469,75.0668487549
Black,2013-07-03 10:34:36.865341,73.9157714844
Black,2013-07-03 10:34:36.954991,81.9706115723
Black,2013-07-03 10:34:37.059339,80.7306671143
Black,2013-07-03 10:34:37.152583,79.5531234741
Black,2013-07-03 10:34:37.255977,78.4223327637
Black,2013-07-03 10:34:37.348670,77.3501358032
Black,2013-07-03 10:34:37.452784,76.2878036499
Black,2013-07-03 10:34:37.551672,75.2357559204
Black,2013-07-03 10:34:37.647113,74.2044754028
Black,2013-07-03 10:34:37.741298,81.4074020386
Black,2013-07-03 10:34:37.841306,80.3673553467
Black,2013-07-03 10:34:37.939949,79.2732543945
Black,2013-07-03 10:34:38.032184,78.3093032837
Black,2013-07-03 10:34:38.130891,77.3198852539
Black,2013-07-03 10:34:38.229456,76.3523330688
Black,2013-07-03 10:34:38.327002,75.3922119141
Black,2013-07-03 10:34:38.425155,74.4965286255
Black,2013-07-03 10:34:38.527289,51.4746246338
Black,2013-07-03 10:34:38.626353,50.8781700134
Black,2013-07-03 10:34:38.725777,50.2698364258
Black,2013-07-03 10:34:38.831308,78.0335388184
Black,2013-07-03 10:34:38.935238,77.0573883057
Black,2013-07-03 10:34:39.030116,76.1654281616
Black,2013-07-03 10:34:39.127130,75.3305282593
Black,2013-07-03 10:34:39.224062,74.5530471802
Black,2013-07-03 10:34:39.317603,73.7417678833
Black,2013-07-03 10:34:39.421009,79.589515686
Black,2013-07-03 10:34:39.515080,78.7073135376
Black,2013-07-03 10:34:39.615387,77.9044342041
Black,2013-07-03 10:34:39.721813,77.021987915
Black,2013-07-03 10:34:39.822910,76.1804122925
Black,2013-07-03 10:34:39.919637,50.2526359558
Black,2013-07-03 10:34:40.018150,74.636138916
Black,2013-07-03 10:34:40.114380,73.8700790405
Black,2013-07-03 10:34:40.210930,73.1668014526
Black,2013-07-03 10:34:40.308327,78.4610519409
Black,2013-07-03 10:34:40.407537,77.6823272705
Black,2013-07-03 10:34:40.508298,76.9374008179
Black,2013-07-03 10:34:40.610821,76.1783447266
Black,2013-07-03 10:34:40.714537,75.4145507812
Black,2013-07-03 10:34:40.815806,74.6711502075
Black,2013-07-03 10:34:40.913490,73.9897232056
Black,2013-07-03 10:34:41.011745,50.7371368408
Black,2013-07-03 10:34:41.112670,50.267665863
Black,2013-07-03 10:34:41.204867,77.4882736206
Black,2013-07-03 10:34:41.294435,76.8771591187
Black,2013-07-03 10:34:41.391630,76.2022018433
Black,2013-07-03 10:34:41.492456,75.5240325928
Black,2013-07-03 10:34:41.596039,74.8138046265
Black,2013-07-03 10:34:41.696395,74.152633667
Black,2013-07-03 10:34:41.796643,73.5247955322
Black,2013-07-03 10:34:41.892636,72.9142303467
Black,2013-07-03 10:34:41.989497,77.4635696411
Black,2013-07-03 10:34:42.087067,76.8110580444
Black,2013-07-03 10:34:42.182303,76.1713256836
Black,2013-07-03 10:34:42.276720,75.5901031494
Black,2013-07-03 10:34:42.372979,74.9898757935
Black,2013-07-03 10:34:42.474161,74.3692092896
Black,2013-07-03 10:34:42.572751,73.7465515137
Black,2013-07-03 10:34:42.677843,73.1291885376
Black,2013-07-03 10:34:42.786147,72.5242538452
Black,2013-07-03 10:34:42.887682,76.7110366821
Black,2013-07-03 10:34:42.991218,76.0466461182
Black,2013-07-03 10:34:43.089391,75.4849853516
Black,2013-07-03 10:34:43.182141,74.8997497559
Black,2013-07-03 10:34:43.274072,74.3784637451
Black,2013-07-03 10:34:43.374238,73.8290634155
Black,2013-07-03 10:34:43.474392,73.2637176514
Black,2013-07-03 10:34:43.569070,72.7219390869
Black,2013-07-03 10:34:43.664273,76.7133026123
Black,2013-07-03 10:34:43.766680,76.1545333862
Black,2013-07-03 10:34:43.869458,75.5814285278
Black,2013-07-03 10:34:43.969890,75.0004348755
Black,2013-07-03 10:34:44.062656,74.4997177124
Black,2013-07-03 10:34:44.154104,73.9894180298
Black,2013-07-03 10:34:44.253709,73.4506149292
Black,2013-07-03 10:34:44.355439,72.9478607178
Black,2013-07-03 10:34:44.454279,76.6977767944
Black,2013-07-03 10:34:44.547555,76.1732177734
Black,2013-07-03 10:34:44.642175,75.6779174805
Black,2013-07-03 10:34:44.742465,75.1429672241
Black,2013-07-03 10:34:44.831126,74.6561965942
Black,2013-07-03 10:34:44.933512,74.1648178101
Black,2013-07-03 10:34:45.030766,73.6510391235
Black,2013-07-03 10:34:45.133619,73.1672744751
Black,2013-07-03 10:34:45.231899,76.6907196045
Black,2013-07-03 10:34:45.337963,76.1789779663
Black,2013-07-03 10:34:45.436982,75.6555023193
Black,2013-07-03 10:34:45.534922,75.1822509766
Black,2013-07-03 10:34:45.635211,74.6814575195
Black,2013-07-03 10:34:45.723891,74.2231140137
Black,2013-07-03 10:34:45.818795,73.7989730835
Black,2013-07-03 10:34:45.912623,73.3342437744
Black,2013-07-03 10:34:46.016102,76.7187576294
Black,2013-07-03 10:34:46.116214,76.2277069092
Black,2013-07-03 10:34:46.214047,75.737121582
Black,2013-07-03 10:34:46.314772,75.2666015625
Black,2013-07-03 10:34:46.416793,74.7838516235
Black,2013-07-03 10:34:46.503916,74.3587493896
Black,2013-07-03 10:34:46.601423,73.9348449707
Black,2013-07-03 10:34:46.701932,62.4740371704
Black,2013-07-03 10:34:46.793689,76.7246170044
Black,2013-07-03 10:34:46.896886,76.2399978638
Black,2013-07-03 10:34:46.988107,75.8106155396
Black,2013-07-03 10:34:47.082744,75.3766403198
Black,2013-07-03 10:34:47.179281,74.9496459961
Black,2013-07-03 10:34:47.275426,74.5314941406
Black,2013-07-03 10:34:47.378864,74.086479187
Black,2013-07-03 10:34:47.478033,63.125164032
Black,2013-07-03 10:34:47.572606,62.7707939148
Black,2013-07-03 10:34:47.672500,76.285118103
Black,2013-07-03 10:34:47.764034,75.8765563965
Black,2013-07-03 10:34:47.864866,75.4532699585
Black,2013-07-03 10:34:47.964182,75.0272369385
Black,2013-07-03 10:34:48.056916,74.6326828003
Black,2013-07-03 10:34:48.154895,74.2094650269
Black,2013-07-03 10:34:48.245632,63.7586250305
Black,2013-07-03 10:34:48.346535,63.4135665894
Black,2013-07-03 10:34:48.439663,63.0744972229
Black,2013-07-03 10:34:48.537273,62.7524223328
Black,2013-07-03 10:34:48.630806,62.4191207886
Black,2013-07-03 10:34:48.726094,62.1051063538
Black,2013-07-03 10:34:48.820817,61.7776756287
Black,2013-07-03 10:34:48.919818,61.4540596008
Black,2013-07-03 10:34:49.017441,61.1368141174
Black,2013-07-03 10:34:49.126442,76.7873001099
Black,2013-07-03 10:34:49.224184,76.3745117188
Black,2013-07-03 10:34:49.324021,75.9816436768
Black,2013-07-03 10:34:49.418828,62.982257843
Black,2013-07-03 10:34:49.513633,62.6811561584
Black,2013-07-03 10:34:49.611592,62.3671340942
Black,2013-07-03 10:34:49.710336,62.0452804565
Black,2013-07-03 10:34:49.815032,61.7253570557
Black,2013-07-03 10:34:49.924440,61.3733558655
Black,2013-07-03 10:34:50.024195,61.0603599548
Black,2013-07-03 10:34:50.131789,75.9189453125
Black,2013-07-03 10:34:50.224877,63.4581489563
Black,2013-07-03 10:34:50.323637,63.1496620178
Black,2013-07-03 10:34:50.417509,62.8419418335
Black,2013-07-03 10:34:50.514591,62.5558776855
Black,2013-07-03 10:34:50.617651,62.2331199646
Black,2013-07-03 10:34:50.722694,61.9149551392
Black,2013-07-03 10:34:50.826988,61.5939826965
Black,2013-07-03 10:34:50.926937,61.2987213135
Black,2013-07-03 10:34:51.022788,61.0106925964
Black,2013-07-03 10:34:51.122374,63.6106033325
Black,2013-07-03 10:34:51.218358,63.3081970215
Black,2013-07-03 10:34:51.325028,63.0046691895
Black,2013-07-03 10:34:51.414294,62.7201271057
Black,2013-07-03 10:34:51.514697,62.4337348938
Black,2013-07-03 10:34:51.621349,62.1192779541
Black,2013-07-03 10:34:51.738204,61.8049354553
Black,2013-07-03 10:34:51.832451,61.4903144836
Black,2013-07-03 10:34:51.923677,61.2235488892
Black,2013-07-03 10:34:52.023458,63.7302017212
Black,2013-07-03 10:34:52.128299,63.4286231995
Black,2013-07-03 10:34:52.229558,63.1288566589
Black,2013-07-03 10:34:52.330219,62.8443832397
Black,2013-07-03 10:34:52.428434,62.5496025085
Black,2013-07-03 10:34:52.529395,62.271900177
Black,2013-07-03 10:34:52.628850,58.6495513916
Black,2013-07-03 10:34:52.719970,57.3479309082
Black,2013-07-03 10:34:52.817432,56.1026229858
Black,2013-07-03 10:34:52.918449,54.7537956238
Black,2013-07-03 10:34:53.013140,54.7537956238
Black,2013-07-03 10:34:53.105802,54.7537956238
Black,2013-07-03 10:34:53.211750,152.061569214
Black,2013-07-03 10:34:53.310080,120.834022522
Black,2013-07-03 10:34:53.410021,100.738769531
Black,2013-07-03 10:34:53.507000,86.8329620361
Black,2013-07-03 10:34:53.603674,76.0799484253
Black,2013-07-03 10:34:53.708324,67.3343200684
Black,2013-07-03 10:34:53.804054,60.3616256714
Black,2013-07-03 10:34:53.904147,55.154006958
Black,2013-07-03 10:34:53.994314,50.6954994202
Black,2013-07-03 10:34:54.093704,93.6082687378
Black,2013-07-03 10:34:54.189026,87.0760345459
Black,2013-07-03 10:34:54.294058,80.9594726562
Black,2013-07-03 10:34:54.390196,76.0480804443
Black,2013-07-03 10:34:54.477873,71.9544830322
Black,2013-07-03 10:34:54.573499,68.1533203125
Black,2013-07-03 10:34:54.675850,64.5139083862
Black,2013-07-03 10:34:54.776003,61.1075401306
Black,2013-07-03 10:34:54.871949,58.3182182312
Black,2013-07-03 10:34:54.966256,55.7017974854
Black,2013-07-03 10:34:55.061512,53.4148826599
Black,2013-07-03 10:34:55.154494,51.2126960754
Black,2013-07-03 10:34:55.254805,73.7995300293
Black,2013-07-03 10:34:55.355260,70.8792266846
Black,2013-07-03 10:34:55.455780,68.1451950073
Black,2013-07-03 10:34:55.549503,65.75340271
Black,2013-07-03 10:34:55.646804,63.6088027954
Black,2013-07-03 10:34:55.746633,81.8922805786
Black,2013-07-03 10:34:55.848967,79.1176757812
Black,2013-07-03 10:34:55.946843,76.5554122925
Black,2013-07-03 10:34:56.043813,74.239074707
Black,2013-07-03 10:34:56.150766,71.9955749512
Black,2013-07-03 10:34:56.246857,69.9359436035
Black,2013-07-03 10:34:56.366826,67.7423019409
Black,2013-07-03 10:34:56.478790,82.0034637451
Black,2013-07-03 10:34:56.589055,79.6047363281
Black,2013-07-03 10:34:56.704476,77.2015762329
Black,2013-07-03 10:34:56.809052,75.0465316772
Black,2013-07-03 10:34:56.927026,73.0385131836
Black,2013-07-03 10:34:57.045935,70.9283065796
Black,2013-07-03 10:34:57.148448,83.13306427
Black,2013-07-03 10:34:57.249515,81.1836395264
Black,2013-07-03 10:34:57.349193,79.4227905273
Black,2013-07-03 10:34:57.448106,77.6896972656
Black,2013-07-03 10:34:57.546739,76.0688781738
Black,2013-07-03 10:34:57.638061,74.5767288208
Black,2013-07-03 10:34:57.739079,73.1246871948
Black,2013-07-03 10:34:57.832740,83.647277832
Black,2013-07-03 10:34:57.934538,82.0887145996
Black,2013-07-03 10:34:58.046768,80.2426681519
Black,2013-07-03 10:34:58.149763,78.754776001
Black,2013-07-03 10:34:58.256482,77.2690429688
Black,2013-07-03 10:34:58.358412,75.8068695068
Black,2013-07-03 10:34:58.460108,74.3879852295
Black,2013-07-03 10:34:58.562012,83.5224456787
Black,2013-07-03 10:34:58.656861,82.0918655396
Black,2013-07-03 10:34:58.758238,80.7858047485
Black,2013-07-03 10:34:58.858404,79.4555740356
Black,2013-07-03 10:34:58.941962,78.2825088501
Black,2013-07-03 10:34:59.038431,77.1038131714
Black,2013-07-03 10:34:59.130131,85.4635543823
Black,2013-07-03 10:34:59.229979,84.2069549561
Black,2013-07-03 10:34:59.323427,82.9374084473
Black,2013-07-03 10:34:59.423928,81.6636123657
Black,2013-07-03 10:34:59.532286,80.4529647827
Black,2013-07-03 10:34:59.636974,79.109992981
Black,2013-07-03 10:34:59.738965,77.9786300659
Black,2013-07-03 10:34:59.835351,85.4248046875
Black,2013-07-03 10:34:59.940225,84.194442749
Black,2013-07-03 10:35:00.038373,83.0206680298
Black,2013-07-03 10:35:00.133141,81.9400253296
Black,2013-07-03 10:35:00.233511,80.8777618408
Black,2013-07-03 10:35:00.330846,79.8161621094
Black,2013-07-03 10:35:00.432893,78.7522888184
Black,2013-07-03 10:35:00.532939,85.5101242065
Black,2013-07-03 10:35:00.638820,84.3873138428
Black,2013-07-03 10:35:00.738702,83.2558288574
Black,2013-07-03 10:35:00.840737,82.2476730347
Black,2013-07-03 10:35:00.943513,81.2028579712
Black,2013-07-03 10:35:01.050258,80.1578674316
Black,2013-07-03 10:35:01.145602,86.4098052979
Black,2013-07-03 10:35:01.237024,85.4542388916
Black,2013-07-03 10:35:01.332973,84.5180664062
Black,2013-07-03 10:35:01.430332,83.5597915649
Black,2013-07-03 10:35:01.530098,82.6018676758
Black,2013-07-03 10:35:01.629204,81.7212905884
Black,2013-07-03 10:35:01.723229,80.8035125732
Black,2013-07-03 10:35:01.819005,86.6241912842
Black,2013-07-03 10:35:01.927951,85.6124572754
Black,2013-07-03 10:35:02.022692,84.7044906616
Black,2013-07-03 10:35:02.120244,83.7990570068
Black,2013-07-03 10:35:02.218977,82.9368667603
Black,2013-07-03 10:35:02.316588,82.0930175781
Black,2013-07-03 10:35:02.410052,81.2709274292
Black,2013-07-03 10:35:02.505890,86.6621322632
Black,2013-07-03 10:35:02.603020,85.7980270386
Black,2013-07-03 10:35:02.696537,84.9964294434
Black,2013-07-03 10:35:02.797845,84.1603927612
Black,2013-07-03 10:35:02.889684,83.3602523804
Black,2013-07-03 10:35:02.999774,82.4941177368
Black,2013-07-03 10:35:03.105293,81.6409835815
Black,2013-07-03 10:35:03.206471,80.859916687
Black,2013-07-03 10:35:03.300068,85.845703125
Black,2013-07-03 10:35:03.398796,85.0150527954
Black,2013-07-03 10:35:03.496498,84.2568130493
Black,2013-07-03 10:35:03.595313,83.4689483643
Black,2013-07-03 10:35:03.685436,82.7637176514
Black,2013-07-03 10:35:03.785307,82.0201187134
Black,2013-07-03 10:35:03.883788,81.2959747314
Black,2013-07-03 10:35:03.976210,85.965713501
Black,2013-07-03 10:35:04.076566,85.2561950684
Black,2013-07-03 10:35:04.180949,84.4487228394
Black,2013-07-03 10:35:04.275402,83.7322158813
Black,2013-07-03 10:35:04.369480,83.0743942261
Black,2013-07-03 10:35:04.468186,82.3869857788
Black,2013-07-03 10:35:04.567574,81.7008590698
Black,2013-07-03 10:35:04.664266,60.758480072
Black,2013-07-03 10:35:04.753044,60.2924385071
Black,2013-07-03 10:35:04.855298,84.7231292725
Black,2013-07-03 10:35:04.956571,84.0236587524
Black,2013-07-03 10:35:05.050665,83.3652496338
Black,2013-07-03 10:35:05.143143,82.7361373901
Black,2013-07-03 10:35:05.235685,82.0957946777
Black,2013-07-03 10:35:05.327546,81.4858627319
Black,2013-07-03 10:35:05.415735,61.8826065063
Black,2013-07-03 10:35:05.514651,61.4210891724
Black,2013-07-03 10:35:05.609193,60.954914093
Black,2013-07-03 10:35:05.705365,83.7705764771
Black,2013-07-03 10:35:05.805502,83.1453170776
Black,2013-07-03 10:35:05.907562,82.476600647
Black,2013-07-03 10:35:06.011277,81.8808670044
Black,2013-07-03 10:35:06.102312,81.268913269
Black,2013-07-03 10:35:06.198729,62.7668609619
Black,2013-07-03 10:35:06.292309,62.3237991333
Black,2013-07-03 10:35:06.386706,61.8829803467
Black,2013-07-03 10:35:06.483654,83.3814086914
Black,2013-07-03 10:35:06.585911,82.7983322144
Black,2013-07-03 10:35:06.679388,82.1938247681
Black,2013-07-03 10:35:06.776790,81.6409683228
Black,2013-07-03 10:35:06.874718,59.7457046509
Black,2013-07-03 10:35:06.975303,59.3223953247
Black,2013-07-03 10:35:07.073024,84.1560897827
Black,2013-07-03 10:35:07.167783,83.5978393555
Black,2013-07-03 10:35:07.256738,83.071434021
Black,2013-07-03 10:35:07.360684,82.5113143921
Black,2013-07-03 10:35:07.462131,81.9375991821
Black,2013-07-03 10:35:07.563197,61.0465354919
Black,2013-07-03 10:35:07.656011,60.6601638794
Black,2013-07-03 10:35:07.753940,60.2498207092
Black,2013-07-03 10:35:07.840275,83.829750061
Black,2013-07-03 10:35:07.940905,83.3040313721
Black,2013-07-03 10:35:08.033036,82.7750854492
Black,2013-07-03 10:35:08.133084,82.2695236206
Black,2013-07-03 10:35:08.231290,81.7510147095
Black,2013-07-03 10:35:08.335487,61.8666687012
Black,2013-07-03 10:35:08.431535,61.4728622437
Black,2013-07-03 10:35:08.530905,61.0700263977
Black,2013-07-03 10:35:08.627285,60.7006492615
Black,2013-07-03 10:35:08.728718,82.9492721558
Black,2013-07-03 10:35:08.832233,82.4069061279
Black,2013-07-03 10:35:08.922091,81.9286727905
Black,2013-07-03 10:35:09.018129,81.4631195068
Black,2013-07-03 10:35:09.115548,62.5661506653
Black,2013-07-03 10:35:09.217259,62.1969528198
Black,2013-07-03 10:35:09.325014,61.7876396179
Black,2013-07-03 10:35:09.417593,61.4328384399
Black,2013-07-03 10:35:09.519483,82.6073684692
Black,2013-07-03 10:35:09.613261,82.1411437988
Black,2013-07-03 10:35:09.714335,81.6700363159
Black,2013-07-03 10:35:09.819511,81.171043396
Black,2013-07-03 10:35:09.917851,59.6410827637
Black,2013-07-03 10:35:10.014835,62.7816886902
Black,2013-07-03 10:35:10.111888,83.2615127563
Black,2013-07-03 10:35:10.213689,82.7744369507
Black,2013-07-03 10:35:10.316058,82.27734375
Black,2013-07-03 10:35:10.418142,81.7958908081
Black,2013-07-03 10:35:10.513136,61.0094337463
Black,2013-07-03 10:35:10.617992,60.6643371582
Black,2013-07-03 10:35:10.729541,60.3099784851
Black,2013-07-03 10:35:10.828046,83.2782669067
Black,2013-07-03 10:35:10.926700,82.8273925781
Black,2013-07-03 10:35:11.022194,82.3662567139
Black,2013-07-03 10:35:11.120014,81.9464645386
Black,2013-07-03 10:35:11.214194,81.5274276733
Black,2013-07-03 10:35:11.308296,61.6285858154
Black,2013-07-03 10:35:11.410442,61.319644928
Black,2013-07-03 10:35:11.511713,60.9714660645
Black,2013-07-03 10:35:11.601824,60.6620407104
Black,2013-07-03 10:35:11.698618,82.5941619873
Black,2013-07-03 10:35:11.792337,82.1847686768
Black,2013-07-03 10:35:11.891032,81.7864761353
Black,2013-07-03 10:35:11.986643,81.3808898926
Black,2013-07-03 10:35:12.084145,62.2773361206
Black,2013-07-03 10:35:12.186083,61.9412078857
Black,2013-07-03 10:35:12.284344,61.6372566223
Black,2013-07-03 10:35:12.386040,61.3193397522
Black,2013-07-03 10:35:12.474098,82.3916244507
Black,2013-07-03 10:35:12.576045,81.9969177246
Black,2013-07-03 10:35:12.666884,81.6085968018
Black,2013-07-03 10:35:12.758836,81.2049865723
Black,2013-07-03 10:35:12.850487,59.8816452026
Black,2013-07-03 10:35:12.946706,59.6102104187
Black,2013-07-03 10:35:13.047268,83.0173721313
Black,2013-07-03 10:35:13.141048,82.6461410522
Black,2013-07-03 10:35:13.229380,82.2809677124
Black,2013-07-03 10:35:13.325041,81.896232605
Black,2013-07-03 10:35:13.419647,81.5350189209
Black,2013-07-03 10:35:13.517400,60.8535690308
Black,2013-07-03 10:35:13.622390,60.5651550293
Black,2013-07-03 10:35:13.716493,60.2733726501
Black,2013-07-03 10:35:13.817725,59.9945526123
Black,2013-07-03 10:35:13.925522,82.43724823
Black,2013-07-03 10:35:14.019790,82.0527496338
Black,2013-07-03 10:35:14.118545,81.6818008423
Black,2013-07-03 10:35:14.224193,81.2863235474
Black,2013-07-03 10:35:14.319676,61.3766822815
Black,2013-07-03 10:35:14.419533,61.0985450745
Black,2013-07-03 10:35:14.506596,60.8391189575
Black,2013-07-03 10:35:14.608074,60.5723381042
Black,2013-07-03 10:35:14.706977,76.647819519
Black,2013-07-03 10:35:14.807978,67.8064193726
Black,2013-07-03 10:35:14.916581,60.3701248169
Black,2013-07-03 10:35:15.018065,54.7768554688
Black,2013-07-03 10:35:15.114488,50.2556304932
Black,2013-07-03 10:35:15.213846,92.7487487793
Black,2013-07-03 10:35:15.314631,86.3694610596
Black,2013-07-03 10:35:15.411999,80.4889907837
Black,2013-07-03 10:35:15.510903,75.5804138184
Black,2013-07-03 10:35:15.617513,70.8759460449
Black,2013-07-03 10:35:15.712900,66.8614120483
Black,2013-07-03 10:35:15.811320,95.3832855225
Black,2013-07-03 10:35:15.914678,90.2675018311
Black,2013-07-03 10:35:16.023047,85.8416213989
Black,2013-07-03 10:35:16.150132,54.142414093
Black,2013-07-03 10:35:16.249029,51.6180725098
Black,2013-07-03 10:35:16.357398,73.8992080688
Black,2013-07-03 10:35:16.453937,71.1294250488
Black,2013-07-03 10:35:16.553377,91.1218109131
Black,2013-07-03 10:35:16.654378,87.8900375366
Black,2013-07-03 10:35:16.754503,84.7148895264
Black,2013-07-03 10:35:16.847935,81.8532943726
Black,2013-07-03 10:35:16.951072,79.2520751953
Black,2013-07-03 10:35:17.049136,76.668762207
Black,2013-07-03 10:35:17.144704,74.38331604
Black,2013-07-03 10:35:17.240711,90.357963562
Black,2013-07-03 10:35:17.339145,87.6861953735
Black,2013-07-03 10:35:17.434558,85.3993301392
Black,2013-07-03 10:35:17.526307,83.2197647095
Black,2013-07-03 10:35:17.629742,80.9412460327
Black,2013-07-03 10:35:17.731915,78.688873291
Black,2013-07-03 10:35:17.828211,76.8685150146
Black,2013-07-03 10:35:17.919000,74.9966430664
Black,2013-07-03 10:35:18.015763,73.2792205811
Black,2013-07-03 10:35:18.120458,85.7628250122
Black,2013-07-03 10:35:18.224023,83.7806243896
Black,2013-07-03 10:35:18.314386,81.856300354
Black,2013-07-03 10:35:18.413436,80.1829910278
Black,2013-07-03 10:35:18.503806,78.4855575562
Black,2013-07-03 10:35:18.598207,76.9421844482
Black,2013-07-03 10:35:18.699608,75.3528213501
Black,2013-07-03 10:35:18.796061,73.8180618286
Black,2013-07-03 10:35:18.895200,72.3429336548
Black,2013-07-03 10:35:18.993819,82.8294906616
Black,2013-07-03 10:35:19.090299,81.1705551147
Black,2013-07-03 10:35:19.190354,79.7310562134
Black,2013-07-03 10:35:19.286672,78.244430542
Black,2013-07-03 10:35:19.379021,76.9896850586
Black,2013-07-03 10:35:19.471588,75.6512908936
Black,2013-07-03 10:35:19.566621,74.411315918
Black,2013-07-03 10:35:19.664512,73.1448974609
Black,2013-07-03 10:35:19.762338,82.1939926147
Black,2013-07-03 10:35:19.863169,80.7977676392
Black,2013-07-03 10:35:19.966761,79.4207000732
Black,2013-07-03 10:35:20.066917,78.1244506836
Black,2013-07-03 10:35:20.166636,76.8577194214
Black,2013-07-03 10:35:20.266114,75.6750946045
Black,2013-07-03 10:35:20.363013,74.5338592529
Black,2013-07-03 10:35:20.465654,82.5272750854
Black,2013-07-03 10:35:20.557609,81.3724822998
Black,2013-07-03 10:35:20.654918,80.2035369873
Black,2013-07-03 10:35:20.758919,79.0001144409
Black,2013-07-03 10:35:20.862387,77.8281326294
Black,2013-07-03 10:35:20.966552,76.6600265503
Black,2013-07-03 10:35:21.058303,50.4381904602
Black,2013-07-03 10:35:21.156804,82.954826355
Black,2013-07-03 10:35:21.257375,81.8326339722
Black,2013-07-03 10:35:21.355712,80.6920013428
Black,2013-07-03 10:35:21.459143,79.5828399658
Black,2013-07-03 10:35:21.554871,78.5900115967
Black,2013-07-03 10:35:21.651704,54.3299217224
Black,2013-07-03 10:35:21.756331,53.6220817566
Black,2013-07-03 10:35:21.858739,52.951965332
Black,2013-07-03 10:35:21.957775,52.2500152588
Black,2013-07-03 10:35:22.053441,51.659450531
Black,2013-07-03 10:35:22.157060,51.0207901001
Black,2013-07-03 10:35:22.257940,50.401222229
Black,2013-07-03 10:35:22.360842,85.3364334106
Black,2013-07-03 10:35:22.466320,84.2927856445
Black,2013-07-03 10:35:22.572737,83.2613296509
Black,2013-07-03 10:35:22.673502,82.2605667114
Black,2013-07-03 10:35:22.772478,67.7913284302
Black,2013-07-03 10:35:22.870557,67.0423202515
Black,2013-07-03 10:35:22.966882,66.3344192505
Black,2013-07-03 10:35:23.061984,65.6249542236
Black,2013-07-03 10:35:23.164682,51.9343414307
Black,2013-07-03 10:35:23.254742,51.403011322
Black,2013-07-03 10:35:23.349749,50.9132232666
Black,2013-07-03 10:35:23.450841,50.3789482117
Black,2013-07-03 10:35:23.535906,68.6477508545
Black,2013-07-03 10:35:23.639355,67.9152297974
Black,2013-07-03 10:35:23.733062,67.2572402954
Black,2013-07-03 10:35:23.830017,66.5961074829
Black,2013-07-03 10:35:23.933491,65.9324035645
Black,2013-07-03 10:35:24.038281,65.2478713989
Black,2013-07-03 10:35:24.142021,64.5892181396
Black,2013-07-03 10:35:24.235252,63.9779129028
Black,2013-07-03 10:35:24.336188,69.161277771
Black,2013-07-03 10:35:24.431083,68.4895782471
Black,2013-07-03 10:35:24.529932,67.854057312
Black,2013-07-03 10:35:24.625129,67.2708587646
Black,2013-07-03 10:35:24.717858,66.6947402954
Black,2013-07-03 10:35:24.824112,66.0419540405
Black,2013-07-03 10:35:24.918667,65.464630127
Black,2013-07-03 10:35:25.010005,64.9175720215
Black,2013-07-03 10:35:25.114532,64.3445510864
Black,2013-07-03 10:35:25.218703,69.0361557007
Black,2013-07-03 10:35:25.312493,68.4682388306
Black,2013-07-03 10:35:25.410988,67.8942565918
Black,2013-07-03 10:35:25.515677,67.2835617065
Black,2013-07-03 10:35:25.608597,66.7259521484
Black,2013-07-03 10:35:25.701056,66.1948776245
Black,2013-07-03 10:35:25.791857,65.686882019
Black,2013-07-03 10:35:25.891321,50.128074646
Black,2013-07-03 10:35:25.994679,69.5807952881
Black,2013-07-03 10:35:26.097112,69.0206985474
Black,2013-07-03 10:35:26.196126,68.4481277466
Black,2013-07-03 10:35:26.299535,67.8709411621
Black,2013-07-03 10:35:26.398590,67.3290328979
Black,2013-07-03 10:35:26.498789,66.7937698364
Black,2013-07-03 10:35:26.601634,66.2492294312
Black,2013-07-03 10:35:26.700388,65.736907959
Black,2013-07-03 10:35:26.799902,69.8885803223
Black,2013-07-03 10:35:26.903369,69.3396148682
Black,2013-07-03 10:35:27.006783,68.7947387695
Black,2013-07-03 10:35:27.103290,68.2805404663
Black,2013-07-03 10:35:27.203823,67.771774292
Black,2013-07-03 10:35:27.301135,67.2647171021
Black,2013-07-03 10:35:27.402795,66.7729797363
Black,2013-07-03 10:35:27.506130,66.2590484619
Black,2013-07-03 10:35:27.600318,70.1799697876
Black,2013-07-03 10:35:27.695078,69.6832962036
Black,2013-07-03 10:35:27.790462,69.2134399414
Black,2013-07-03 10:35:27.885475,68.7408676147
Black,2013-07-03 10:35:27.975494,68.2827987671
Black,2013-07-03 10:35:28.072779,67.8367156982
Black,2013-07-03 10:35:28.165924,67.3659210205
Black,2013-07-03 10:35:28.260573,50.2188453674
Black,2013-07-03 10:35:28.360797,66.4922637939
Black,2013-07-03 10:35:28.459170,70.170249939
Black,2013-07-03 10:35:28.561260,69.6760025024
Black,2013-07-03 10:35:28.659814,69.1909866333
Black,2013-07-03 10:35:28.762232,68.7381973267
Black,2013-07-03 10:35:28.858685,68.2864990234
Black,2013-07-03 10:35:28.957985,67.8397064209
Black,2013-07-03 10:35:29.061914,67.378364563
Black,2013-07-03 10:35:29.155592,66.9614868164
Black,2013-07-03 10:35:29.254474,70.4206542969
Black,2013-07-03 10:35:29.348008,50.5491790771
Black,2013-07-03 10:35:29.444931,50.2527351379
Black,2013-07-03 10:35:29.546254,69.127746582
Black,2013-07-03 10:35:29.644320,68.6985168457
Black,2013-07-03 10:35:29.746681,68.2550582886
Black,2013-07-03 10:35:29.841843,67.8183135986
Black,2013-07-03 10:35:29.939592,67.4245681763
Black,2013-07-03 10:35:30.039596,67.0083694458
Black,2013-07-03 10:35:30.139303,70.2874603271
Black,2013-07-03 10:35:30.237682,69.8653945923
Black,2013-07-03 10:35:30.342290,69.4515151978
Black,2013-07-03 10:35:30.436012,69.0215835571
Black,2013-07-03 10:35:30.534688,68.624458313
Black,2013-07-03 10:35:30.629467,50.2750701904
Black,2013-07-03 10:35:30.728779,67.836265564
Black,2013-07-03 10:35:30.825751,67.4444885254
Black,2013-07-03 10:35:30.932485,67.0261001587
Black,2013-07-03 10:35:31.031514,73.6393508911
Black,2013-07-03 10:35:31.129104,73.2228164673
Black,2013-07-03 10:35:31.226181,72.8215484619
Black,2013-07-03 10:35:31.323243,72.4097518921
Black,2013-07-03 10:35:31.418561,68.5677490234
Black,2013-07-03 10:35:31.518821,68.1908187866
Black,2013-07-03 10:35:31.617213,67.8083877563
Black,2013-07-03 10:35:31.710659,74.1991195679
Black,2013-07-03 10:35:31.810882,73.7979354858
Black,2013-07-03 10:35:31.910162,50.0369033813
Black,2013-07-03 10:35:32.007750,72.9811553955
Black,2013-07-03 10:35:32.104911,72.5881576538
Black,2013-07-03 10:35:32.209423,75.474647522
Black,2013-07-03 10:35:32.314700,75.042678833
Black,2013-07-03 10:35:32.409669,74.627281189
Black,2013-07-03 10:35:32.509266,74.2438583374
Black,2013-07-03 10:35:32.606384,73.8598709106
Black,2013-07-03 10:35:32.706200,76.6610488892
Black,2013-07-03 10:35:32.811803,76.2384567261
Black,2013-07-03 10:35:32.912332,75.8171691895
Black,2013-07-03 10:35:33.006628,75.4488372803
Black,2013-07-03 10:35:33.100174,75.0822296143
Black,2013-07-03 10:35:33.199254,74.6951980591
Black,2013-07-03 10:35:33.289509,74.3288879395
Black,2013-07-03 10:35:33.383268,73.9720077515
Black,2013-07-03 10:35:33.477387,76.6850280762
Black,2013-07-03 10:35:33.574595,76.3151702881
Black,2013-07-03 10:35:33.675644,75.9315948486
Black,2013-07-03 10:35:33.770496,75.5606613159
Black,2013-07-03 10:35:33.870832,75.1853942871
Black,2013-07-03 10:35:33.967275,74.823135376
Black,2013-07-03 10:35:34.067148,74.4634552002
Black,2013-07-03 10:35:34.155836,77.0830154419
Black,2013-07-03 10:35:34.262014,76.7021331787
Black,2013-07-03 10:35:34.356700,76.3434143066
Black,2013-07-03 10:35:34.447629,75.9894332886
Black,2013-07-03 10:35:34.549140,75.6298904419
Black,2013-07-03 10:35:34.653319,75.251335144
Black,2013-07-03 10:35:34.756393,74.8904037476
Black,2013-07-03 10:35:34.847771,74.5512313843
Black,2013-07-03 10:35:34.946301,77.0519790649
Black,2013-07-03 10:35:35.045640,76.6845932007
Black,2013-07-03 10:35:35.146051,76.3315124512
Black,2013-07-03 10:35:35.248515,75.9679031372
Black,2013-07-03 10:35:35.355906,75.5935897827
Black,2013-07-03 10:35:35.454424,75.2297363281
Black,2013-07-03 10:35:35.560039,74.8663864136
Black,2013-07-03 10:35:35.658308,74.5104827881
Black,2013-07-03 10:35:35.753261,76.9351272583
Black,2013-07-03 10:35:35.847267,76.6102218628
Black,2013-07-03 10:35:35.940540,76.2925338745
Black,2013-07-03 10:35:36.040532,75.9545516968
Black,2013-07-03 10:35:36.135321,75.6201324463
Black,2013-07-03 10:35:36.233242,75.2846679688
Black,2013-07-03 10:35:36.333499,74.9676971436
Black,2013-07-03 10:35:36.426708,77.3033294678
Black,2013-07-03 10:35:36.518166,76.9929656982
Black,2013-07-03 10:35:36.613105,76.6773910522
Black,2013-07-03 10:35:36.709289,76.3527145386
Black,2013-07-03 10:35:36.800267,76.0432662964
Black,2013-07-03 10:35:36.896451,75.7285995483
Black,2013-07-03 10:35:37.000103,75.3935852051
Black,2013-07-03 10:35:37.098157,75.0800476074
Black,2013-07-03 10:35:37.200849,77.326789856
Black,2013-07-03 10:35:37.297683,77.0190811157
Black,2013-07-03 10:35:37.392584,76.6888427734
Black,2013-07-03 10:35:37.497305,76.3490142822
Black,2013-07-03 10:35:37.591360,76.039855957
Black,2013-07-03 10:35:37.685219,75.7433853149
Black,2013-07-03 10:35:37.784733,75.4371109009
Black,2013-07-03 10:35:37.885915,75.132019043
Black,2013-07-03 10:35:37.977479,77.306350708
Black,2013-07-03 10:35:38.084499,77.0139465332
Black,2013-07-03 10:35:38.168047,76.6937103271
Black,2013-07-03 10:35:38.268488,76.4071655273
Black,2013-07-03 10:35:38.366169,76.0966415405
Black,2013-07-03 10:35:38.462935,75.7855911255
Black,2013-07-03 10:35:38.564325,75.4877090454
Black,2013-07-03 10:35:38.660796,77.6145401001
Black,2013-07-03 10:35:38.757189,77.3122558594
Black,2013-07-03 10:35:38.852139,77.0077667236
Black,2013-07-03 10:35:38.952814,76.7108535767
Black,2013-07-03 10:35:39.058216,76.3887863159
Black,2013-07-03 10:35:39.156521,76.0757598877
Black,2013-07-03 10:35:39.256450,75.7907867432
Black,2013-07-03 10:35:39.358618,75.4841461182
Black,2013-07-03 10:35:39.470196,77.5012435913
Black,2013-07-03 10:35:39.573075,77.1892929077
Black,2013-07-03 10:35:39.670698,76.903175354
Black,2013-07-03 10:35:39.766494,76.6121520996
Black,2013-07-03 10:35:39.858360,76.3359985352
Black,2013-07-03 10:35:39.963683,76.0315704346
Black,2013-07-03 10:35:40.064190,75.7375335693
Black,2013-07-03 10:35:40.166212,75.4466094971
Black,2013-07-03 10:35:40.265842,77.4395217896
Black,2013-07-03 10:35:40.367830,77.139541626
Black,2013-07-03 10:35:40.459186,76.865447998
Black,2013-07-03 10:35:40.549154,76.5984954834
Black,2013-07-03 10:35:40.651206,76.3219833374
Black,2013-07-03 10:35:40.751465,76.0366516113
Black,2013-07-03 10:35:40.842425,51.2581253052
Black,2013-07-03 10:35:40.940014,51.0689697266
Black,2013-07-03 10:35:41.038767,50.8943634033
Black,2013-07-03 10:35:41.146141,77.1579589844
Black,2013-07-03 10:35:41.249416,51.0987014771
Black,2013-07-03 10:35:41.359765,51.8898696899
Black,2013-07-03 10:35:41.466292,50.3897171021
Black,2013-07-03 10:35:41.564331,51.4029159546
Black,2013-07-03 10:35:41.670298,50.1483459473
Black,2013-07-03 10:35:41.776242,51.5868721008
Black,2013-07-03 10:35:41.887115,50.6554260254
Black,2013-07-03 10:35:41.990938,77.6929550171
Black,2013-07-03 10:35:42.084327,52.3713035583
Black,2013-07-03 10:35:42.182486,52.2962532043
Black,2013-07-03 10:35:42.285935,52.3220558167
Black,2013-07-03 10:35:42.390754,52.7161903381
Black,2013-07-03 10:35:42.491726,53.525352478
Black,2013-07-03 10:35:42.592439,50.6053886414
Black,2013-07-03 10:35:42.690387,52.169719696
Black,2013-07-03 10:35:42.788608,54.6590118408
Black,2013-07-03 10:35:42.899799,52.0677909851
Black,2013-07-03 10:35:42.992700,57.2985076904
Black,2013-07-03 10:35:43.088399,55.5203933716
Black,2013-07-03 10:35:43.190564,54.041217804
Black,2013-07-03 10:35:43.293747,53.8091506958
Black,2013-07-03 10:35:43.394182,98.7828292847
Black,2013-07-03 10:35:43.495647,91.2463607788
Black,2013-07-03 10:35:43.586581,85.0589752197
Black,2013-07-03 10:35:43.688987,119.344009399
Black,2013-07-03 10:35:43.776535,74.8142318726
Black,2013-07-03 10:35:43.870709,70.8139648438
Black,2013-07-03 10:35:43.963293,67.1287307739
Black,2013-07-03 10:35:44.069003,63.6735801697
Black,2013-07-03 10:35:44.161961,60.5068626404
Black,2013-07-03 10:35:44.257920,57.7520866394
Black,2013-07-03 10:35:44.360774,55.0847320557
Black,2013-07-03 10:35:44.453657,52.750617981
Black,2013-07-03 10:35:44.555632,50.5131721497
Black,2013-07-03 10:35:44.659143,72.7085571289
Black,2013-07-03 10:35:44.750439,69.9527664185
Black,2013-07-03 10:35:44.841989,67.5149002075
Black,2013-07-03 10:35:44.945182,65.0807876587
Black,2013-07-03 10:35:45.044998,62.8059844971
Black,2013-07-03 10:35:45.141403,60.7356719971
Black,2013-07-03 10:35:45.235567,58.8304100037
Black,2013-07-03 10:35:45.330482,57.0832519531
Black,2013-07-03 10:35:45.423447,55.3979759216
Black,2013-07-03 10:35:45.524140,53.8160209656
Black,2013-07-03 10:35:45.619969,52.2978668213
Black,2013-07-03 10:35:45.714817,50.9143943787
Black,2013-07-03 10:35:45.813626,65.9735412598
Black,2013-07-03 10:35:45.913386,64.3615570068
Black,2013-07-03 10:35:46.011786,62.6419067383
Black,2013-07-03 10:35:46.107891,61.0960617065
Black,2013-07-03 10:35:46.213799,59.566619873
Black,2013-07-03 10:35:46.315577,58.0158309937
Black,2013-07-03 10:35:46.414730,56.6666145325
Black,2013-07-03 10:35:46.511976,55.3462371826
Black,2013-07-03 10:35:46.611895,54.1093826294
Black,2013-07-03 10:35:46.708600,52.9448814392
Black,2013-07-03 10:35:46.801176,51.8885040283
Black,2013-07-03 10:35:46.897899,50.8363189697
Black,2013-07-03 10:35:46.995676,62.2765960693
Black,2013-07-03 10:35:47.091969,61.0587234497
Black,2013-07-03 10:35:47.188377,59.8594856262
Black,2013-07-03 10:35:47.293033,58.673210144
Black,2013-07-03 10:35:47.391053,57.567111969
Black,2013-07-03 10:35:47.491938,56.4797744751
Black,2013-07-03 10:35:47.595308,55.417842865
Black,2013-07-03 10:35:47.692247,54.4293823242
Black,2013-07-03 10:35:47.794350,53.4500007629
Black,2013-07-03 10:35:47.890587,52.5379219055
Black,2013-07-03 10:35:47.985527,51.6475563049
Black,2013-07-03 10:35:48.078658,50.8400993347
Black,2013-07-03 10:35:48.176083,50.0406150818
Black,2013-07-03 10:35:48.275404,59.0483779907
Black,2013-07-03 10:35:48.372476,58.1370201111
Black,2013-07-03 10:35:48.465588,57.2707176208
Black,2013-07-03 10:35:48.566069,56.3800163269
Black,2013-07-03 10:35:48.658837,55.5338401794
Black,2013-07-03 10:35:48.748063,54.7747039795
Black,2013-07-03 10:35:48.840951,54.0374145508
Black,2013-07-03 10:35:48.943836,62.0820007324
Black,2013-07-03 10:35:49.038359,66.1234970093
Black,2013-07-03 10:35:49.130920,63.8811187744
Black,2013-07-03 10:35:49.224210,61.7847137451
Black,2013-07-03 10:35:49.321837,59.848400116
Black,2013-07-03 10:35:49.414730,57.9854507446
Black,2013-07-03 10:35:49.511296,56.313331604
Black,2013-07-03 10:35:49.602155,54.7371177673
Black,2013-07-03 10:35:49.698396,53.2380561829
Black,2013-07-03 10:35:49.788216,51.7613677979
Black,2013-07-03 10:35:49.887655,50.3880157471
Black,2013-07-03 10:35:49.989784,65.3110809326
Black,2013-07-03 10:35:50.094923,63.5176391602
Black,2013-07-03 10:35:50.194694,61.8931274414
Black,2013-07-03 10:35:50.289482,60.3649940491
Black,2013-07-03 10:35:50.383225,58.9921188354
Black,2013-07-03 10:35:50.484021,57.6254577637
Black,2013-07-03 10:35:50.583578,56.242351532
Black,2013-07-03 10:35:50.683602,54.9505386353
Black,2013-07-03 10:35:50.782199,53.7298240662
Black,2013-07-03 10:35:50.886495,52.5556030273
Black,2013-07-03 10:35:50.980820,51.4415969849
Black,2013-07-03 10:35:51.084308,50.3169441223
Black,2013-07-03 10:35:51.182840,61.6545372009
Black,2013-07-03 10:35:51.280582,150.901199341
Black,2013-07-03 10:35:51.383204,120.24407959
Black,2013-07-03 10:35:51.479981,100.339637756
Black,2013-07-03 10:35:51.579353,85.8410797119
Black,2013-07-03 10:35:51.672328,75.8199920654
Black,2013-07-03 10:35:51.762426,67.7805252075
Black,2013-07-03 10:35:51.858229,61.2802009583
Black,2013-07-03 10:35:51.955398,56.0040016174
Black,2013-07-03 10:35:52.055002,51.1468772888
Black,2013-07-03 10:35:52.151339,94.5307617188
Black,2013-07-03 10:35:52.251034,88.0447692871
Black,2013-07-03 10:35:52.350185,81.6513137817
Black,2013-07-03 10:35:52.445247,76.699760437
Black,2013-07-03 10:35:52.538613,72.3961791992
Black,2013-07-03 10:35:52.639581,77.0862503052
Black,2013-07-03 10:35:52.741868,77.0862503052
Black,2013-07-03 10:35:52.841088,77.0862503052
Black,2013-07-03 10:35:52.942547,150.137771606
Black,2013-07-03 10:35:53.049491,118.518035889
Black,2013-07-03 10:35:53.141331,99.5941696167
Black,2013-07-03 10:35:53.239420,85.4786071777
Black,2013-07-03 10:35:53.331216,75.6116943359
Black,2013-07-03 10:35:53.427172,67.4142990112
Black,2013-07-03 10:35:53.529893,60.8754463196
Black,2013-07-03 10:35:53.622368,55.1821098328
Black,2013-07-03 10:35:53.721556,50.8325538635
Black,2013-07-03 10:35:53.819795,93.7591552734
Black,2013-07-03 10:35:53.924594,86.8645629883
Black,2013-07-03 10:35:54.017341,81.2210845947
Black,2013-07-03 10:35:54.118253,76.0638046265
Black,2013-07-03 10:35:54.219867,71.4716262817
Black,2013-07-03 10:35:54.324035,67.3007507324
Black,2013-07-03 10:35:54.426519,63.6686515808
Black,2013-07-03 10:35:54.521289,60.5646438599
Black,2013-07-03 10:35:54.610963,57.8065032959
Black,2013-07-03 10:35:54.703942,55.4079818726
Black,2013-07-03 10:35:54.793605,53.104019165
Black,2013-07-03 10:35:54.894334,51.0001983643
Black,2013-07-03 10:35:54.993522,97.7478103638
Black,2013-07-03 10:35:55.089983,94.052696228
Black,2013-07-03 10:35:55.183385,90.6060409546
Black,2013-07-03 10:35:55.277453,87.6892623901
Black,2013-07-03 10:35:55.371042,84.6594848633
Black,2013-07-03 10:35:55.463491,81.8984298706
Black,2013-07-03 10:35:55.555996,59.5783462524
Black,2013-07-03 10:35:55.650886,96.2682571411
Black,2013-07-03 10:35:55.746604,93.4254989624
Black,2013-07-03 10:35:55.838894,90.859992981
Black,2013-07-03 10:35:55.939482,88.2588653564
Black,2013-07-03 10:35:56.042687,85.6468505859
Black,2013-07-03 10:35:56.140006,50.0374717712
Black,2013-07-03 10:35:56.233687,64.9309539795
Black,2013-07-03 10:35:56.334259,63.2475585938
Black,2013-07-03 10:35:56.431499,61.6252593994
Black,2013-07-03 10:35:56.531115,60.140789032
Black,2013-07-03 10:35:56.633216,58.6347198486
Black,2013-07-03 10:35:56.732011,57.2665786743
Black,2013-07-03 10:35:56.824047,55.9477081299
Black,2013-07-03 10:35:56.925754,54.7214241028
Black,2013-07-03 10:35:57.030204,66.834602356
Black,2013-07-03 10:35:57.126701,65.3814697266
Black,2013-07-03 10:35:57.226724,64.0048904419
Black,2013-07-03 10:35:57.328719,62.6928062439
Black,2013-07-03 10:35:57.434718,61.280216217
Black,2013-07-03 10:35:57.529195,60.1161346436
Black,2013-07-03 10:35:57.631929,58.9263839722
Black,2013-07-03 10:35:57.727882,57.7684059143
Black,2013-07-03 10:35:57.824345,56.7284698486
Black,2013-07-03 10:35:57.925495,55.6918983459
Black,2013-07-03 10:35:58.028648,54.6546134949
Black,2013-07-03 10:35:58.131542,53.6127586365
Black,2013-07-03 10:35:58.226568,52.7066459656
Black,2013-07-03 10:35:58.323094,51.8649330139
Black,2013-07-03 10:35:58.422217,50.9651031494
Black,2013-07-03 10:35:58.527522,50.1074905396
Black,2013-07-03 10:35:58.625988,59.1349067688
Black,2013-07-03 10:35:58.719469,58.2039985657
Black,2013-07-03 10:35:58.815898,57.357711792
Black,2013-07-03 10:35:58.912158,77.0867462158
Black,2013-07-03 10:35:59.012825,68.6385116577
Black,2013-07-03 10:35:59.113084,61.4198455811
Black,2013-07-03 10:35:59.205836,55.9664497375
Black,2013-07-03 10:35:59.302820,51.3515815735
Black,2013-07-03 10:35:59.393352,94.9966125488
Black,2013-07-03 10:35:59.494550,88.4373474121
Black,2013-07-03 10:35:59.589039,82.3285903931
Black,2013-07-03 10:35:59.685670,77.402923584
Black,2013-07-03 10:35:59.783552,72.799949646
Black,2013-07-03 10:35:59.879778,68.7323379517
Black,2013-07-03 10:35:59.979555,65.0763168335
Black,2013-07-03 10:36:00.086125,61.6689491272
Black,2013-07-03 10:36:00.181556,58.7011795044
Black,2013-07-03 10:36:00.280932,55.9536018372
Black,2013-07-03 10:36:00.372388,53.5464019775
Black,2013-07-03 10:36:00.465823,51.4297904968
Black,2013-07-03 10:36:00.563364,98.9977416992
Black,2013-07-03 10:36:00.656380,71.2570495605
Black,2013-07-03 10:36:00.761380,68.6953964233
Black,2013-07-03 10:36:00.860024,66.1017456055
Black,2013-07-03 10:36:00.963233,63.6780700684
Black,2013-07-03 10:36:01.064816,61.4562110901
Black,2013-07-03 10:36:01.155743,59.5582199097
Black,2013-07-03 10:36:01.250506,57.7325363159
Black,2013-07-03 10:36:01.347621,56.0565223694
Black,2013-07-03 10:36:01.447137,54.3337020874
Black,2013-07-03 10:36:01.551497,52.7643089294
Black,2013-07-03 10:36:01.649434,51.2332992554
Black,2013-07-03 10:36:01.748793,66.4002380371
Black,2013-07-03 10:36:01.850894,64.5532989502
Black,2013-07-03 10:36:01.949670,62.8601531982
Black,2013-07-03 10:36:02.045215,61.3982543945
Black,2013-07-03 10:36:02.140914,59.8916893005
Black,2013-07-03 10:36:02.241355,58.4595336914
Black,2013-07-03 10:36:02.342327,57.054901123
Black,2013-07-03 10:36:02.436815,55.8023910522
Black,2013-07-03 10:36:02.528684,54.5699768066
Black,2013-07-03 10:36:02.623503,53.4835281372
Black,2013-07-03 10:36:02.721401,52.3329162598
Black,2013-07-03 10:36:02.815792,51.2529220581
Black,2013-07-03 10:36:02.918179,50.1786880493
Black,2013-07-03 10:36:03.018665,110.598564148
Black,2013-07-03 10:36:03.118867,108.409095764
Black,2013-07-03 10:36:03.220367,59.0119743347
Black,2013-07-03 10:36:03.319347,57.9200897217
Black,2013-07-03 10:36:03.414217,56.8352127075
Black,2013-07-03 10:36:03.510448,55.7887039185
Black,2013-07-03 10:36:03.604825,54.8650779724
Black,2013-07-03 10:36:03.701383,53.8835029602
Black,2013-07-03 10:36:03.797969,53.0008850098
Black,2013-07-03 10:36:03.895647,52.1007919312
Black,2013-07-03 10:36:03.994693,51.1776771545
Black,2013-07-03 10:36:04.091579,50.3553581238
Black,2013-07-03 10:36:04.179766,99.1843719482
Black,2013-07-03 10:36:04.281551,107.400642395
Black,2013-07-03 10:36:04.375583,105.697685242
Black,2013-07-03 10:36:04.477609,104.126647949
Black,2013-07-03 10:36:04.576216,55.9130401611
Black,2013-07-03 10:36:04.667641,55.1000556946
Black,2013-07-03 10:36:04.769379,54.2710227966
Black,2013-07-03 10:36:04.869051,53.4716644287
Black,2013-07-03 10:36:04.971065,52.6728630066
Black,2013-07-03 10:36:05.059883,51.9427261353
Black,2013-07-03 10:36:05.152950,51.3031730652
Black,2013-07-03 10:36:05.247841,50.6128311157
Black,2013-07-03 10:36:05.352041,99.8219833374
Black,2013-07-03 10:36:05.449074,90.2597579956
Black,2013-07-03 10:36:05.547488,105.19128418
Black,2013-07-03 10:36:05.642348,55.9475669861
Black,2013-07-03 10:36:05.743421,55.2166175842
Black,2013-07-03 10:36:05.838309,54.524105072
Black,2013-07-03 10:36:05.940650,53.806137085
Black,2013-07-03 10:36:06.041580,53.1409263611
Black,2013-07-03 10:36:06.136748,52.4631385803
Black,2013-07-03 10:36:06.241031,51.8507575989
Black,2013-07-03 10:36:06.340968,51.1917266846
Black,2013-07-03 10:36:06.444562,50.5651664734
Black,2013-07-03 10:36:06.538791,92.8319778442
Black,2013-07-03 10:36:06.635981,93.5662231445
Black,2013-07-03 10:36:06.733819,86.5769042969
Black,2013-07-03 10:36:06.835111,80.693145752
Black,2013-07-03 10:36:06.933574,75.680557251
Black,2013-07-03 10:36:07.017016,71.6969604492
Black,2013-07-03 10:36:07.119005,67.7977142334
Black,2013-07-03 10:36:07.211664,64.173286438
Black,2013-07-03 10:36:07.315961,60.9897994995
Black,2013-07-03 10:36:07.414250,58.1699714661
Black,2013-07-03 10:36:07.505915,55.4683685303
Black,2013-07-03 10:36:07.604844,53.1874809265
Black,2013-07-03 10:36:07.711675,50.8569374084
Black,2013-07-03 10:36:07.809147,73.1688842773
Black,2013-07-03 10:36:07.910888,70.2137069702
Black,2013-07-03 10:36:08.008436,67.6063461304
Black,2013-07-03 10:36:08.099501,65.3150253296
Black,2013-07-03 10:36:08.188896,63.3633270264
Black,2013-07-03 10:36:08.283794,61.2443199158
Black,2013-07-03 10:36:08.382933,98.9025039673
Black,2013-07-03 10:36:08.482341,76.6812820435
Black,2013-07-03 10:36:08.578066,74.371307373
Black,2013-07-03 10:36:08.672672,72.1949996948
Black,2013-07-03 10:36:08.766728,70.1700057983
Black,2013-07-03 10:36:08.859961,102.371490479
Black,2013-07-03 10:36:08.964413,99.6200256348
Black,2013-07-03 10:36:09.056318,80.8753509521
Black,2013-07-03 10:36:09.152889,78.8530502319
Black,2013-07-03 10:36:09.254066,76.8171310425
Black,2013-07-03 10:36:09.349549,74.8964691162
Black,2013-07-03 10:36:09.445999,73.2452468872
Black,2013-07-03 10:36:09.540072,71.5445709229
Black,2013-07-03 10:36:09.636508,69.9491500854
Black,2013-07-03 10:36:09.735997,82.0307159424
Black,2013-07-03 10:36:09.831588,80.2824325562
Black,2013-07-03 10:36:09.932135,78.5615234375
Black,2013-07-03 10:36:10.035597,76.7796401978
Black,2013-07-03 10:36:10.137395,75.1836929321
Black,2013-07-03 10:36:10.235251,73.6916046143
Black,2013-07-03 10:36:10.334849,72.1970214844
Black,2013-07-03 10:36:10.429905,70.8607177734
Black,2013-07-03 10:36:10.525313,81.1306228638
Black,2013-07-03 10:36:10.626926,79.5802078247
Black,2013-07-03 10:36:10.722542,78.1230926514
Black,2013-07-03 10:36:10.819191,76.8256759644
Black,2013-07-03 10:36:10.915813,75.4559402466
Black,2013-07-03 10:36:11.014165,74.0880661011
Black,2013-07-03 10:36:11.113070,72.8875350952
Black,2013-07-03 10:36:11.208260,71.6732635498
Black,2013-07-03 10:36:11.306945,70.5038528442
Black,2013-07-03 10:36:11.406208,79.1702194214
Black,2013-07-03 10:36:11.502910,77.9383239746
Black,2013-07-03 10:36:11.593729,76.7913589478
Black,2013-07-03 10:36:11.685541,75.7197036743
Black,2013-07-03 10:36:11.783515,74.5615081787
Black,2013-07-03 10:36:11.881974,73.5163345337
Black,2013-07-03 10:36:11.974227,72.3833084106
Black,2013-07-03 10:36:12.071076,71.3776092529
Black,2013-07-03 10:36:12.169208,70.3265304565
Black,2013-07-03 10:36:12.265533,78.0218276978
Black,2013-07-03 10:36:12.366588,76.9599990845
Black,2013-07-03 10:36:12.458027,75.9207382202
Black,2013-07-03 10:36:12.557232,74.9134979248
Black,2013-07-03 10:36:12.658999,73.8659133911
Black,2013-07-03 10:36:12.758369,72.8899154663
Black,2013-07-03 10:36:12.853996,122.971748352
Black,2013-07-03 10:36:12.957836,101.062492371
Black,2013-07-03 10:36:13.052894,87.3845825195
Black,2013-07-03 10:36:13.145062,76.3875961304
Black,2013-07-03 10:36:13.241103,68.4024887085
Black,2013-07-03 10:36:13.335876,61.8255958557
Black,2013-07-03 10:36:13.432025,56.1118927002
Black,2013-07-03 10:36:13.532824,51.4171447754
Black,2013-07-03 10:36:13.637673,94.3946075439
Black,2013-07-03 10:36:13.729211,87.8654785156
Black,2013-07-03 10:36:13.831248,82.0306930542
Black,2013-07-03 10:36:13.929353,76.4512786865
Black,2013-07-03 10:36:14.025224,72.2168579102
Black,2013-07-03 10:36:14.123928,68.3179092407
Black,2013-07-03 10:36:14.222838,64.6423187256
Black,2013-07-03 10:36:14.315940,61.4422035217
Black,2013-07-03 10:36:14.412912,58.6050262451
Black,2013-07-03 10:36:14.514767,55.8591308594
Black,2013-07-03 10:36:14.613710,53.2994346619
Black,2013-07-03 10:36:14.719267,51.0543785095
Black,2013-07-03 10:36:14.817983,73.4685211182
Black,2013-07-03 10:36:14.916524,70.5318145752
Black,2013-07-03 10:36:15.008146,68.0706634521
Black,2013-07-03 10:36:15.111307,65.5092391968
Black,2013-07-03 10:36:15.207924,63.2734718323
Black,2013-07-03 10:36:15.306478,61.1390228271
Black,2013-07-03 10:36:15.402167,59.215007782
Black,2013-07-03 10:36:15.497943,57.3543205261
Black,2013-07-03 10:36:15.586658,55.7572975159
Black,2013-07-03 10:36:15.679884,54.250415802
Black,2013-07-03 10:36:15.780391,52.7204666138
Black,2013-07-03 10:36:15.875498,51.2680015564
Black,2013-07-03 10:36:15.975029,99.7584991455
Black,2013-07-03 10:36:16.071802,97.1220321655
Black,2013-07-03 10:36:16.167760,94.7089767456
Black,2013-07-03 10:36:16.267938,92.3333358765
Black,2013-07-03 10:36:16.364538,75.0124511719
Black,2013-07-03 10:36:16.469607,73.119102478
Black,2013-07-03 10:36:16.580663,56.9977035522
Black,2013-07-03 10:36:16.672394,55.6533737183
Black,2013-07-03 10:36:16.766441,54.5383148193
Black,2013-07-03 10:36:16.859046,53.359375
Black,2013-07-03 10:36:16.952880,52.2828903198
Black,2013-07-03 10:36:17.058401,51.1961135864
Black,2013-07-03 10:36:17.151759,50.1389770508
Black,2013-07-03 10:36:17.251261,61.3973426819
Black,2013-07-03 10:36:17.349700,72.1968765259
Black,2013-07-03 10:36:17.450257,70.8074645996
Black,2013-07-03 10:36:17.554142,69.3942642212
Black,2013-07-03 10:36:17.648814,56.7408714294
Black,2013-07-03 10:36:17.746439,55.7425422668
Black,2013-07-03 10:36:17.845244,54.7530403137
Black,2013-07-03 10:36:17.945110,53.7404441833
Black,2013-07-03 10:36:18.049397,52.7565383911
Black,2013-07-03 10:36:18.144201,51.9001502991
Black,2013-07-03 10:36:18.244712,51.0264205933
Black,2013-07-03 10:36:18.343759,50.1720657349
Black,2013-07-03 10:36:18.439394,69.13621521
Black,2013-07-03 10:36:18.540615,68.0035934448
Black,2013-07-03 10:36:18.638499,66.9287948608
Black,2013-07-03 10:36:18.732306,65.9164047241
Black,2013-07-03 10:36:18.833708,64.9713058472
Black,2013-07-03 10:36:18.931926,63.9550628662
Black,2013-07-03 10:36:19.034893,62.9972839355
Black,2013-07-03 10:36:19.124190,53.2278709412
Black,2013-07-03 10:36:19.219682,52.5221214294
Black,2013-07-03 10:36:19.316046,51.7685813904
Black,2013-07-03 10:36:19.410895,51.100769043
Black,2013-07-03 10:36:19.505798,50.4148101807
Black,2013-07-03 10:36:19.596972,66.3413391113
Black,2013-07-03 10:36:19.688099,65.5144577026
Black,2013-07-03 10:36:19.788483,64.6616439819
Black,2013-07-03 10:36:19.891868,63.7916145325
Black,2013-07-03 10:36:19.985483,70.8291473389
Black,2013-07-03 10:36:20.087806,69.9274902344
Black,2013-07-03 10:36:20.189391,69.0024185181
Black,2013-07-03 10:36:20.285396,68.1546173096
Black,2013-07-03 10:36:20.385868,67.3366012573
Black,2013-07-03 10:36:20.483301,66.4847106934
Black,2013-07-03 10:36:20.586424,51.0980796814
Black,2013-07-03 10:36:20.687979,50.4700889587
Black,2013-07-03 10:36:20.793055,64.078125
Black,2013-07-03 10:36:20.889275,70.4061508179
Black,2013-07-03 10:36:20.988069,69.5703125
Black,2013-07-03 10:36:21.089817,68.7841491699
Black,2013-07-03 10:36:21.186955,68.0132064819
Black,2013-07-03 10:36:21.287238,67.2607116699
Black,2013-07-03 10:36:21.389066,66.5030670166
Black,2013-07-03 10:36:21.485108,63.5738372803
Black,2013-07-03 10:36:21.584927,60.4807319641
Black,2013-07-03 10:36:21.686305,57.4088249207
Black,2013-07-03 10:36:21.789144,54.8501472473
Black,2013-07-03 10:36:21.888838,52.5033111572
Black,2013-07-03 10:36:21.984218,75.5487976074
Black,2013-07-03 10:36:22.087938,72.4304046631
Black,2013-07-03 10:36:22.174165,69.8604507446
Black,2013-07-03 10:36:22.278658,67.2417373657
Black,2013-07-03 10:36:22.378330,64.7664413452
Black,2013-07-03 10:36:22.476729,62.5846595764
Black,2013-07-03 10:36:22.568584,60.6012229919
Black,2013-07-03 10:36:22.675880,58.7025375366
Black,2013-07-03 10:36:22.773220,56.7343482971
Black,2013-07-03 10:36:22.871459,73.3392715454
Black,2013-07-03 10:36:22.969162,71.250869751
Black,2013-07-03 10:36:23.073041,69.1913833618
Black,2013-07-03 10:36:23.169667,67.1745452881
Black,2013-07-03 10:36:23.266519,65.509765625
Black,2013-07-03 10:36:23.365517,63.7631416321
Black,2013-07-03 10:36:23.463610,62.1184234619
Black,2013-07-03 10:36:23.560566,60.5525550842
Black,2013-07-03 10:36:23.663383,101.148727417
Black,2013-07-03 10:36:23.756026,86.6493606567
Black,2013-07-03 10:36:23.854722,75.9930343628
Black,2013-07-03 10:36:23.951090,68.0505905151
Black,2013-07-03 10:36:24.054981,60.9390678406
Black,2013-07-03 10:36:24.154516,55.3808517456
Black,2013-07-03 10:36:24.243480,50.8428955078
Black,2013-07-03 10:36:24.345109,94.0740509033
Black,2013-07-03 10:36:24.441653,87.499458313
Black,2013-07-03 10:36:24.538850,81.7318496704
Black,2013-07-03 10:36:24.632626,76.6773147583
Black,2013-07-03 10:36:24.730584,72.0959701538
Black,2013-07-03 10:36:24.827663,68.0694198608
Black,2013-07-03 10:36:24.917829,64.8317489624
Black,2013-07-03 10:36:25.020084,61.5037994385
Black,2013-07-03 10:36:25.122833,58.4511642456
Black,2013-07-03 10:36:25.221926,55.7128410339
Black,2013-07-03 10:36:25.318936,53.3124809265
Black,2013-07-03 10:36:25.416582,51.1410217285
Black,2013-07-03 10:36:25.513688,73.5209732056
Black,2013-07-03 10:36:25.614267,70.7970199585
Black,2013-07-03 10:36:25.712900,68.0121231079
Black,2013-07-03 10:36:25.812330,65.6424026489
Black,2013-07-03 10:36:25.907790,87.4330368042
Black,2013-07-03 10:36:26.004814,153.609100342
Black,2013-07-03 10:36:26.105489,121.816307068
Black,2013-07-03 10:36:26.202831,101.627746582
Black,2013-07-03 10:36:26.297961,87.3478164673
Black,2013-07-03 10:36:26.391097,76.4736404419
Black,2013-07-03 10:36:26.484664,68.2922515869
Black,2013-07-03 10:36:26.579281,61.687335968
Black,2013-07-03 10:36:26.676205,56.2360115051
Black,2013-07-03 10:36:26.775468,51.5048027039
Black,2013-07-03 10:36:26.877789,94.8397750854
Black,2013-07-03 10:36:26.984654,87.5045700073
Black,2013-07-03 10:36:27.084046,81.5090560913
Black,2013-07-03 10:36:27.177946,76.6007614136
Black,2013-07-03 10:36:27.279435,72.0825500488
Black,2013-07-03 10:36:27.380359,67.8426437378
Black,2013-07-03 10:36:27.468401,64.4562835693
Black,2013-07-03 10:36:27.567167,61.392036438
Black,2013-07-03 10:36:27.663919,58.4434738159
Black,2013-07-03 10:36:27.763254,55.7591056824
Black,2013-07-03 10:36:27.860058,53.3799972534
Black,2013-07-03 10:36:27.958421,51.0865287781
Black,2013-07-03 10:36:28.063450,73.3407897949
Black,2013-07-03 10:36:28.162071,70.5712127686
Black,2013-07-03 10:36:28.262839,67.8975982666
Black,2013-07-03 10:36:28.363785,65.4121856689
Black,2013-07-03 10:36:28.456278,63.1788215637
Black,2013-07-03 10:36:28.560434,61.0156059265
Black,2013-07-03 10:36:28.663397,58.9925079346
Black,2013-07-03 10:36:28.770673,57.0348014832
Black,2013-07-03 10:36:28.870981,55.2514877319
Black,2013-07-03 10:36:28.979695,53.5681915283
Black,2013-07-03 10:36:29.072787,52.0093841553
Black,2013-07-03 10:36:29.176658,50.5068359375
Black,2013-07-03 10:36:29.272056,65.5003585815
Black,2013-07-03 10:36:29.372707,63.8290901184
Black,2013-07-03 10:36:29.467085,62.2050933838
Black,2013-07-03 10:36:29.565809,60.6457710266
Black,2013-07-03 10:36:29.663946,59.2694015503
Black,2013-07-03 10:36:29.774335,57.7321662903
Black,2013-07-03 10:36:29.875033,56.3098068237
Black,2013-07-03 10:36:29.979964,54.9342384338
Black,2013-07-03 10:36:30.076132,67.1523590088
Black,2013-07-03 10:36:30.168680,65.8055648804
Black,2013-07-03 10:36:30.266063,65.8055648804
Black,2013-07-03 10:36:30.365322,65.8055648804
Black,2013-07-03 10:36:30.467724,154.988311768
Black,2013-07-03 10:36:30.559490,124.570518494
Black,2013-07-03 10:36:30.651983,104.695411682
Black,2013-07-03 10:36:30.754295,88.9236679077
Black,2013-07-03 10:36:30.852665,77.6440658569
Black,2013-07-03 10:36:30.945142,68.9922409058
Black,2013-07-03 10:36:31.044541,62.1941490173
Black,2013-07-03 10:36:31.149467,56.0785446167
Black,2013-07-03 10:36:31.242689,51.4834136963
Black,2013-07-03 10:36:31.342122,94.7779846191
Black,2013-07-03 10:36:31.453426,87.8570556641
Black,2013-07-03 10:36:31.544057,81.6323699951
Black,2013-07-03 10:36:31.640291,76.9215545654
Black,2013-07-03 10:36:31.744557,72.0388031006
Black,2013-07-03 10:36:31.845139,67.8442993164
Black,2013-07-03 10:36:31.945018,64.3749542236
Black,2013-07-03 10:36:32.039994,61.0817565918
Black,2013-07-03 10:36:32.131735,58.3407325745
Black,2013-07-03 10:36:32.231922,55.7395248413
