0.019408,131
0.054842,95
0.070489,78
0.086133,65
0.10176,58
0.12199,50
0.13763,45
0.15327,44
0.16894,47
0.19073,64
0.21059,61
0.22623,59
0.24187,59
0.25751,58
0.27316,57
0.28883,60
0.30448,70
0.32011,75
0.33574,91
0.35138,106
0.36702,130
0.38267,164
0.39832,202
0.41396,244
0.42964,295
0.44528,355
0.46091,413
0.47657,477
0.49222,534
0.51323,628
0.53385,704
0.54948,751
0.56513,761
0.58077,761
0.59642,761
0.61206,761
0.6277,760
0.64334,761
0.65898,761
0.67461,761
0.69028,762
0.70592,761
0.72156,761
0.73721,761
0.75284,761
0.76849,761
0.78415,761
0.79982,761
0.81855,761
0.83419,760
0.85037,761
0.86601,759
0.88372,648
0.89937,486
0.9164,344
0.93213,252
0.95025,179
0.96589,135
0.98383,102
0.99946,81
1.0173,66
1.0333,56
1.0503,49
1.0662,48
1.0838,49
1.0995,57
1.117,69
1.1326,77
1.1505,83
1.1661,87
1.183,94
1.1989,97
1.2145,99
1.2316,101
1.248,107
1.2668,113
1.2824,115
1.2981,126
1.3137,138
1.3349,149
1.3555,184
1.3771,215
1.3989,218
1.4193,242
1.4371,269
1.4535,293
1.4705,312
1.4862,330
1.5044,367
1.52,402
1.5375,429
1.5531,465
1.5709,488
1.5866,522
1.6035,567
1.6191,613
1.6371,661
1.6527,711
1.67,761
1.6857,762
1.7029,761
1.719,761
1.7366,761
1.7522,761
1.7697,761
1.7853,761
1.8032,761
1.8189,761
1.8364,761
1.8521,761
1.8704,723
1.8861,570
1.9032,411
1.9206,296
1.937,219
1.9526,170
1.9693,134
1.9857,110
2.0051,89
2.0208,77
2.0365,69
2.0521,62
2.0677,59
2.0834,60
2.099,60
2.1147,62
2.1303,62
2.1459,63
2.1616,64
2.1772,68
2.1928,70
2.2085,73
2.2241,80
2.2398,86
2.2554,96
2.2711,100
2.288,113
2.3036,128
2.3206,155
2.3364,177
2.3541,197
2.3697,228
2.387,244
2.4027,278
2.4184,305
2.4389,352
2.4546,392
2.4702,402
2.4858,433
2.5064,497
2.527,561
2.5478,613
2.5683,667
2.5889,732
2.6096,761
2.6303,761
2.6474,761
2.663,761
2.6802,762
2.6959,761
2.7143,762
2.7299,761
2.7468,761
2.7626,761
2.7801,760
2.7958,760
2.8138,761
2.8295,761
2.8477,760
2.8635,761
2.8804,761
2.8965,760
2.9145,761
2.9301,762
2.9477,704
2.9634,514
2.9809,363
2.9966,265
3.0132,192
3.0291,145
3.0467,109
3.0626,85
3.0802,67
3.0959,56
3.1131,48
3.129,43
3.1466,38
3.1622,36
3.18,34
3.1956,32
3.2125,32
3.2289,31
3.2462,31
3.2618,30
3.2794,31
3.295,32
3.3129,37
3.3285,48
3.3452,71
3.3612,95
3.3786,118
3.3942,148
3.412,168
3.4278,203
3.4447,234
3.4605,272
3.479,309
3.4946,356
3.5115,415
3.5272,465
3.5453,519
3.567,584
3.601,715
3.6182,761
3.6343,761
3.6521,760
3.6677,761
3.6888,762
3.7045,761
3.7247,761
3.746,761
3.7681,762
3.7893,761
3.8098,762
3.8304,761
3.8511,761
3.8738,761
3.8943,762
3.9158,761
3.9374,761
3.9592,754
3.9795,535
4.0006,354
4.0167,268
4.0324,204
4.0481,160
4.0716,124
4.0872,107
4.1029,91
4.1186,80
4.1342,77
4.1499,72
4.1655,70
4.1812,71
4.1968,80
4.2159,82
4.232,88
4.2476,94
4.2632,100
4.2789,102
4.2945,103
4.3102,118
4.3258,116
4.3415,123
4.3571,127
4.3727,145
4.3889,148
4.4046,159
4.4219,171
4.4376,186
4.4557,213
4.4714,227
4.4887,251
4.5044,281
4.5219,299
4.5375,321
4.5554,357
4.5711,381
4.5881,415
4.6039,459
4.6243,528
4.64,568
4.6556,604
4.6761,666
4.6917,705
4.7138,750
4.7343,761
4.7548,762
4.7754,761
4.795,761
4.8106,720
4.8262,587
4.8474,389
4.8678,259
4.885,187
4.9007,143
4.9181,106
4.9337,84
4.9521,65
4.9677,56
4.9859,47
5.0016,42
5.0195,39
5.0352,38
5.0518,36
5.0675,35
5.0852,34
5.101,33
5.1189,33
5.1347,34
5.1518,33
5.1674,33
5.1847,33
5.2009,33
5.2184,37
5.2341,44
5.2509,61
5.2666,88
5.2849,141
5.3005,201
5.3179,271
5.3338,341
5.3515,419
5.3672,485
5.3846,556
5.4003,608
5.4174,664
5.4331,711
5.4506,758
5.4663,761
5.4839,760
5.4995,760
5.5166,761
5.5324,761
5.5501,761
5.5657,761
5.5989,761
5.6171,761
5.6327,761
5.6506,761
5.6663,762
5.6834,761
5.6991,761
5.7163,761
5.7319,761
5.7496,761
5.7653,762
5.7828,761
5.7987,761
5.819,762
5.8453,761
5.8677,647
5.8893,409
5.9108,273
5.9316,181
5.9532,127
5.9735,91
5.9942,68
6.0159,55
6.0365,46
6.0571,40
6.0786,36
6.0993,35
6.1198,33
6.1406,35
6.1612,38
6.1827,40
6.2034,47
6.2249,58
6.2456,84
6.2661,128
6.2869,194
6.3082,276
6.329,360
6.3504,446
6.3722,541
6.3938,624
6.4152,707
6.436,761
6.4575,761
6.4791,761
6.4996,761
6.5202,761
6.541,761
6.5625,761
6.583,761
6.6038,762
6.6244,761
6.646,762
6.6666,761
6.6871,761
6.7078,761
6.7282,761
6.7493,761
6.7725,761
6.792,761
6.8079,761
6.8235,762
6.8391,761
6.8548,760
6.8704,761
6.891,761
6.912,761
6.9335,753
6.954,580
6.9748,399
6.9963,273
7.0169,197
7.0377,154
7.0591,131
7.0809,112
7.1012,98
7.1229,108
7.1437,102
7.1643,108
7.1967,134
7.2173,146
7.239,169
7.2605,170
7.2832,168
7.3049,177
7.3274,189
7.3488,215
7.3696,264
7.3903,338
7.4115,423
7.4287,480
7.4444,537
7.4619,592
7.4776,644
7.4954,700
7.5114,761
7.5286,760
7.5444,761
7.5613,744
7.5777,701
7.5952,666
7.6108,673
7.628,683
7.6436,711
7.662,741
7.6777,761
7.6948,761
7.7105,761
7.7275,761
7.7433,761
7.7607,761
7.7768,761
7.7941,761
7.8098,762
7.8273,761
7.843,762
7.8612,728
7.8768,561
7.8942,394
7.9099,293
7.9269,219
7.943,166
7.9624,121
7.9781,96
7.9937,79
8.0094,69
8.025,64
8.0407,63
8.0563,63
8.072,61
8.0876,68
8.1119,80
8.132,94
8.149,109
8.1649,122
8.183,122
8.1986,122
8.2163,125
8.232,127
8.2492,125
8.2648,132
8.2823,147
8.298,165
8.3152,185
8.3309,206
8.3487,234
8.3643,277
8.3819,323
8.3976,381
8.4146,444
8.4303,519
8.4485,583
8.4642,649
8.4838,720
8.4994,762
8.5151,761
8.5307,762
8.5464,761
8.562,760
8.5889,761
8.6071,761
8.6228,761
8.64,761
8.6556,761
8.6732,761
8.6889,761
8.7085,762
8.7241,761
8.7398,761
8.7554,761
8.7711,761
8.7867,692
8.8023,543
8.818,406
8.8336,323
8.8493,255
8.8654,206
8.8814,171
8.899,145
8.9147,133
8.9328,128
8.9485,124
8.9654,132
8.981,150
8.9981,165
9.0141,176
9.032,198
9.0476,218
9.0655,238
9.0811,262
9.0968,283
9.1124,307
9.1281,334
9.1493,371
9.17,426
9.1909,503
9.2123,597
9.2327,703
9.2534,760
9.2751,761
9.2966,761
9.3171,761
9.3376,761
9.3575,761
9.3769,761
9.3925,762
9.4082,760
9.4238,761
9.4394,761
9.4551,761
9.4756,761
9.4971,761
9.5128,761
9.5284,761
9.5441,761
9.5649,761
9.5806,761
9.5962,761
9.6118,761
9.6275,761
9.6431,761
9.6588,761
9.6744,761
9.6948,761
9.7105,761
9.7261,761
9.7418,761
9.7574,761
9.7777,761
9.7947,761
9.8106,761
9.8278,674
9.8435,525
9.8607,372
9.8769,269
9.8942,198
9.9099,150
9.9275,113
9.9434,91
9.9606,75
9.9762,70
9.9955,80
10.011,96
10.027,125
10.043,163
10.061,208
10.076,244
10.093,291
10.109,304
10.127,328
10.143,344
10.16,362
10.176,381
10.202,435
10.218,483
10.234,538
10.249,594
10.265,663
10.28,734
10.296,761
10.312,761
10.327,761
10.343,762
10.36,761
10.375,761
10.408,761
10.425,761
10.442,761
10.459,761
10.474,761
10.49,761
10.506,761
10.521,761
10.537,761
10.553,761
10.568,761
10.584,761
10.6,761
10.615,761
10.631,761
10.647,762
10.662,761
10.68,761
10.696,761
10.713,761
10.729,761
10.747,760
10.762,761
10.779,760
10.796,761
10.815,761
10.831,671
10.846,510
10.862,365
10.878,265
10.9,176
10.921,121
10.942,88
10.963,68
10.983,54
11.004,45
11.024,40
11.045,37
11.066,34
11.086,34
11.107,37
11.126,40
11.141,48
11.158,76
11.174,91
11.191,95
11.207,101
11.225,125
11.241,154
11.258,196
11.274,245
11.291,298
11.307,348
11.324,404
11.34,458
11.358,515
11.373,568
11.391,625
11.406,685
11.424,747
11.44,761
11.457,761
11.473,761
11.49,760
11.506,761
11.524,761
11.54,761
11.557,761
11.573,761
11.59,761
11.606,761
11.623,761
11.639,761
11.658,761
11.674,761
11.691,761
11.707,761
11.724,761
11.739,761
11.758,761
11.773,762
11.79,761
11.806,762
11.824,762
11.839,761
11.857,699
11.872,525
11.89,364
11.906,262
11.922,195
11.939,144
11.956,108
11.972,85
11.99,67
12.005,58
12.022,48
12.038,43
12.056,39
12.072,38
12.089,36
12.105,37
12.123,47
12.138,60
12.156,57
12.172,51
12.188,49
12.204,49
12.224,56
12.24,74
12.255,95
12.275,146
12.293,200
12.308,265
12.327,340
12.342,414
12.36,488
12.375,560
12.393,637
12.408,707
12.426,762
12.441,761
12.459,761
12.475,761
12.492,761
12.508,761
12.525,761
12.541,762
12.558,761
12.574,761
12.592,761
12.608,761
12.625,761
12.641,761
12.66,761
12.676,761
12.692,761
12.707,761
12.723,761
12.739,761
12.754,761
12.77,761
12.786,761
12.802,761
12.817,761
12.833,761
12.849,761
12.865,761
12.881,761
12.896,761
12.912,684
12.928,506
12.943,365
12.959,266
12.993,142
13.011,106
13.027,83
13.044,67
13.06,56
13.077,48
13.093,46
13.11,44
13.126,40
13.144,36
13.16,35
13.187,33
13.202,32
13.218,31
13.234,31
13.249,30
13.265,30
13.281,29
13.296,30
13.312,29
13.328,31
13.343,37
13.359,48
13.38,85
13.395,136
13.411,202
13.432,306
13.453,409
13.473,508
13.494,598
13.514,682
13.531,746
13.547,762
13.565,761
13.58,761
13.598,761
13.613,761
13.631,761
13.647,761
13.664,761
13.68,761
13.698,761
13.713,761
13.731,761
13.747,761
13.764,761
13.78,761
13.798,761
13.814,760
13.831,761
13.846,761
13.863,761
13.88,761
13.899,761
13.915,761
13.932,761
13.952,761
13.979,762
13.995,761
14.011,761
14.026,672
14.042,486
14.058,358
14.077,239
14.099,164
14.119,115
14.14,83
14.162,63
14.182,51
14.203,43
14.224,38
14.245,35
14.265,34
14.286,32
14.307,32
14.328,31
14.349,31
14.369,31
14.39,33
14.411,38
14.431,47
14.452,74
14.472,129
14.495,202
14.515,278
14.536,372
14.556,470
14.577,556
14.592,622
14.608,680
14.624,730
14.639,761
14.66,761
14.681,761
14.702,761
14.723,762
14.743,761
14.764,761
14.784,761
14.806,761
14.827,761
14.847,761
14.868,761
14.889,761
14.91,761
14.931,761
14.951,761
14.973,761
14.994,761
15.015,761
15.036,761
15.052,761
15.069,761
15.085,663
15.103,482
15.118,347
15.136,248
15.152,183
15.169,138
15.185,110
15.202,89
15.218,71
15.236,58
15.251,50
15.268,44
15.284,40
15.303,37
15.318,36
15.336,36
15.352,39
15.369,41
15.385,43
15.402,45
15.419,49
15.437,58
15.452,71
15.47,103
15.485,147
15.503,203
15.519,268
15.536,339
15.552,408
15.569,476
15.585,544
15.603,614
15.619,679
15.636,742
15.651,761
15.669,760
15.685,761
15.703,761
15.718,760
15.735,761
15.751,761
15.768,761
15.784,761
15.802,762
15.818,761
15.835,761
15.851,761
15.868,762
15.884,761
15.901,761
15.917,761
15.934,761
15.95,761
15.968,761
15.984,761
16.003,761
16.019,761
16.04,761
16.061,761
16.081,761
16.102,761
16.122,761
16.143,761
16.164,702
16.193,445
16.214,290
16.234,197
16.255,141
16.275,111
16.296,94
16.318,90
16.338,107
16.359,140
16.38,188
16.401,238
16.422,283
16.442,320
16.458,341
16.474,348
16.489,361
16.505,372
16.521,396
16.536,430
16.557,487
16.577,555
16.598,639
16.619,718
16.64,761
16.663,761
16.684,761
16.704,761
16.725,761
16.745,761
16.772,761
16.792,761
16.813,761
16.834,761
16.855,761
16.876,761
16.896,761
16.917,761
16.938,761
16.958,761
16.979,761
17.001,761
17.021,761
17.043,761
17.063,761
17.081,761
17.097,761
17.114,761
17.13,721
17.148,557
17.164,396
17.181,288
17.197,209
17.215,151
17.23,116
17.247,90
17.263,73
17.28,60
17.297,54
17.314,50
17.33,51
17.347,59
17.363,76
17.38,94
17.396,110
17.414,127
17.43,139
17.447,150
17.463,165
17.48,182
17.496,208
17.515,243
17.53,282
17.547,330
17.564,389
17.582,457
17.598,512
17.615,575
17.631,636
17.648,693
17.664,750
17.681,761
17.697,761
17.715,761
17.73,761
17.747,761
17.763,761
17.781,761
17.797,761
17.814,760
17.83,761
17.848,761
17.863,761
17.88,761
17.896,761
17.914,761
17.929,761
17.946,761
17.962,761
17.98,761
17.996,761
18.016,761
18.031,762
18.047,760
18.067,761
18.087,761
18.107,761
18.125,761
18.141,762
18.158,761
18.174,673
18.191,490
18.207,349
18.224,253
18.24,184
18.257,136
18.273,105
18.291,81
18.306,66
18.324,56
18.34,48
18.357,42
18.373,39
18.39,37
18.406,37
18.423,37
18.439,38
18.457,40
18.472,42
18.49,45
18.505,52
18.523,60
18.538,66
18.556,87
18.572,115
18.589,151
18.604,193
18.623,248
18.639,298
18.657,344
18.673,387
18.69,429
18.706,476
18.723,528
18.739,575
18.757,627
18.772,675
18.79,716
18.805,750
18.823,761
18.839,761
18.856,760
18.872,761
18.89,760
18.905,761
18.922,761
18.938,761
18.955,761
18.971,761
18.989,761
19.004,761
19.023,761
19.038,760
19.055,761
19.071,761
19.088,761
19.104,761
19.121,760
19.137,761
19.157,760
19.173,761
19.205,761
19.221,761
19.236,708
19.252,553
19.268,405
19.283,295
19.299,215
19.315,164
19.33,125
19.346,98
19.362,77
19.377,63
19.393,54
19.408,47
19.424,42
19.44,39
19.458,37
19.473,36
19.49,37
19.506,36
19.523,39
19.539,39
19.556,40
19.572,40
19.59,43
19.606,43
19.623,45
19.639,52
19.656,68
19.672,90
19.689,127
19.705,167
19.723,227
19.739,277
19.756,333
19.772,381
19.789,432
19.805,484
19.822,530
19.838,571
19.856,618
19.871,656
19.889,693
19.904,732
19.922,761
19.938,761
19.955,761
19.971,761
19.988,761
20.004,761
20.022,761
20.037,761
20.055,761
20.071,761
20.088,761
20.104,761
20.121,761
20.137,761
20.154,761
20.17,761
20.187,761
20.203,761
20.22,761
20.236,761
20.254,762
20.27,761
20.287,761
20.303,761
20.321,750
20.337,648
20.354,469
20.369,340
20.387,239
20.403,179
20.42,134
20.435,104
20.454,79
20.469,65
20.486,54
20.502,48
20.52,42
20.535,39
20.568,37
20.586,39
20.602,40
20.619,43
20.635,44
20.652,46
20.668,51
20.686,65
20.701,88
20.719,123
20.734,165
20.752,213
20.767,265
20.785,330
20.801,387
20.818,454
20.834,517
20.85,577
20.865,637
20.881,688
20.902,761
20.917,761
20.933,761
20.949,761
20.964,761
20.98,761
20.995,761
21.011,761
21.027,761
21.042,761
21.058,761
21.074,761
21.092,761
21.108,762
21.126,761
21.142,761
21.16,761
21.175,761
21.191,762
21.206,761
21.222,761
21.243,761
21.264,761
21.284,761
21.301,762
21.317,761
21.335,761
21.351,761
21.369,761
21.385,761
21.403,761
21.418,761
21.435,761
21.451,761
21.469,705
21.484,578
21.501,414
21.517,302
21.535,212
21.551,158
21.568,121
21.584,100
21.601,86
21.617,82
21.634,79
21.65,73
21.668,65
21.684,64
21.701,66
21.716,74
21.735,82
21.75,90
21.767,88
21.783,88
21.801,93
21.816,100
21.834,108
21.849,120
21.868,137
21.883,158
21.901,185
21.917,209
21.933,242
21.949,266
21.966,286
21.982,301
22,320
22.015,346
22.033,359
22.049,383
22.066,396
22.082,412
22.099,429
22.115,454
22.134,471
22.149,510
22.167,490
22.183,511
22.2,498
22.216,514
22.234,547
22.25,578
22.268,621
22.283,661
22.3,702
22.316,746
22.333,760
22.349,761
22.367,761
22.382,740
22.401,622
22.416,468
22.435,325
22.45,243
22.468,177
22.483,133
22.5,104
22.516,83
22.534,68
22.549,59
22.567,53
22.583,49
22.6,45
22.616,46
22.634,49
22.649,53
22.669,57
22.685,61
22.7,65
22.72,77
22.741,87
22.761,93
22.782,115
22.803,151
22.824,197
22.845,241
22.866,288
22.886,335
22.907,397
22.928,463
22.95,520
22.971,568
22.987,600
23.003,632
23.018,664
23.034,692
23.05,717
23.065,746
23.081,761
23.097,761
23.112,762
23.128,761
23.15,761
23.172,761
23.193,761
23.214,761
23.235,761
23.256,761
23.276,761
23.297,761
23.318,761
23.339,761
23.361,761
23.382,761
23.403,724
23.424,536
23.443,351
23.461,252
23.476,185
23.494,134
23.51,104
23.527,80
23.543,66
23.56,54
23.576,47
23.594,42
23.61,39
23.627,37
23.643,36
23.66,37
23.676,37
23.694,40
23.709,38
23.727,37
23.742,36
23.759,36
23.775,38
23.793,39
23.808,43
23.825,61
23.841,88
23.859,116
23.874,153
23.893,204
23.908,248
23.926,298
23.941,344
23.959,391
23.975,440
23.992,488
24.008,535
24.041,630
24.058,671
24.074,698
24.091,736
24.107,761
24.124,761
24.14,760
24.158,761
24.174,761
24.191,761
24.207,761
24.223,760
24.244,761
24.264,761
24.285,761
24.305,761
24.326,761
24.347,762
24.367,760
24.388,761
24.408,761
24.429,762
24.45,761
24.47,761
24.491,761
24.511,746
24.532,541
24.549,375
24.564,279
24.58,207
24.596,162
24.617,119
24.638,93
24.659,76
24.681,65
24.702,58
24.722,58
24.744,59
24.763,65
24.779,71
24.795,77
24.81,76
24.831,77
24.852,78
24.874,90
24.894,101
24.913,101
24.928,107
24.946,116
24.962,119
24.979,123
24.995,130
25.012,139
25.028,149
25.046,154
25.061,162
25.079,176
25.095,192
25.113,208
25.128,217
25.145,235
25.161,255
25.178,255
25.203,249
25.221,273
25.237,302
25.269,371
25.285,416
25.306,457
25.327,512
25.343,517
25.358,537
25.374,539
25.395,581
25.411,595
25.427,590
25.442,618
25.458,622
25.474,641
25.489,668
25.505,689
25.521,751
25.536,761
25.552,761
25.567,761
25.583,761
25.599,761
25.614,761
25.63,761
25.646,761
25.661,761
25.677,718
25.693,552
25.708,398
25.724,294
25.74,221
25.755,169
25.771,132
25.787,105
25.803,87
25.819,74
25.837,68
25.852,65
25.87,55
25.885,54
25.903,52
25.919,50
25.936,47
25.952,46
25.969,45
25.985,43
26.003,39
26.019,37
26.036,35
26.051,34
26.069,34
26.085,32
26.102,32
26.118,32
26.135,33
26.151,35
26.168,58
26.184,87
26.202,103
26.218,122
26.235,146
26.251,179
26.268,224
26.284,276
26.302,338
26.317,396
26.335,463
26.35,526
26.368,593
26.383,653
26.401,721
26.416,761
26.432,761
26.449,761
26.465,762
26.482,761
26.498,761
26.516,761
26.532,761
26.549,761
26.565,761
26.582,761
26.598,761
26.615,761
26.631,760
26.649,761
26.665,761
26.683,761
26.698,761
26.717,761
26.732,761
26.75,719
26.767,527
26.783,383
26.799,279
26.818,204
26.834,160
26.849,124
26.865,99
26.881,83
26.901,71
26.92,62
26.936,58
26.958,63
26.974,64
26.989,64
27.01,67
27.025,71
27.041,69
27.057,67
27.072,65
27.094,60
27.115,52
27.135,53
27.156,69
27.178,79
27.198,110
27.219,161
27.24,235
27.261,337
27.282,443
27.303,555
27.325,678
27.346,761
27.367,761
27.388,761
27.403,761
27.419,761
27.435,761
27.45,761
27.466,761
27.482,762
27.497,761
27.513,761
27.529,761
27.544,760
27.56,761
27.575,761
27.591,761
27.609,761
27.624,761
27.642,761
27.658,761
27.675,761
27.691,761
27.709,741
27.725,581
27.742,393
27.759,287
27.775,207
27.791,161
27.808,121
27.823,94
27.842,73
27.858,61
27.874,52
27.89,45
27.91,40
27.926,38
27.946,39
27.967,39
27.987,38
28.002,38
28.018,39
28.034,39
28.049,39
28.065,42
28.081,49
28.096,70
28.112,118
28.128,169
28.143,229
28.159,292
28.174,364
28.199,489
28.215,580
28.231,664
28.246,748
28.262,761
28.278,761
28.293,761
28.309,761
28.329,761
28.345,761
28.361,761
28.376,761
28.392,761
28.408,761
28.423,761
28.439,761
28.455,761
28.47,761
28.486,761
28.502,761
28.517,761
28.533,761
28.549,761
28.565,761
28.583,762
28.598,761
28.616,762
28.632,761
28.649,761
28.665,761
28.682,761
28.698,761
28.715,761
28.731,761
28.749,761
28.765,665
28.782,474
28.797,343
28.815,239
28.831,178
28.849,130
28.864,101
28.882,79
28.898,65
28.915,53
28.931,46
28.949,41
28.965,38
28.981,35
28.997,34
29.014,33
29.03,33
29.048,32
29.063,33
29.082,34
29.097,36
29.115,41
29.131,51
29.148,64
29.164,83
29.182,114
29.198,156
29.215,216
29.231,279
29.248,357
29.263,434
29.281,524
29.297,606
29.315,697
29.33,761
29.348,761
29.364,760
29.382,761
29.398,761
29.415,761
29.431,762
29.448,761
29.464,761
29.482,761
29.498,761
29.515,761
29.531,761
29.548,762
29.564,761
29.581,761
29.597,761
29.614,761
29.63,761
29.648,761
29.664,761
29.68,761
29.696,761
29.714,761
29.73,762
29.747,761
29.763,761
29.78,761
29.795,761
29.813,761
29.829,654
29.847,453
29.862,329
29.88,233
29.895,174
29.913,129
29.929,100
29.947,77
29.962,63
29.979,52
29.995,47
30.012,41
30.029,38
30.047,35
30.062,33
30.08,32
30.096,32
30.114,31
30.13,31
30.148,31
30.163,30
30.18,30
30.196,30
30.214,31
30.23,31
30.247,34
30.263,36
30.28,42
30.296,49
30.314,62
30.329,81
30.347,113
30.362,144
30.384,199
30.4,239
30.416,280
30.431,324
30.447,367
30.463,407
30.479,456
30.495,495
30.513,545
30.528,601
30.545,663
30.562,723
30.581,761
30.597,761
30.617,761
30.636,761
30.651,761
30.668,761
30.684,761
30.702,761
30.718,761
30.735,761
30.751,761
30.768,761
30.784,761
30.801,761
30.816,761
30.834,761
30.85,760
30.868,761
30.883,761
30.9,761
30.917,761
30.934,761
30.95,761
30.967,761
30.983,757
31.003,538
31.018,386
31.034,284
31.05,208
31.065,159
31.081,119
31.096,93
31.112,80
31.128,63
31.143,54
31.159,47
31.175,42
31.201,37
31.216,36
31.232,35
31.248,33
31.268,32
31.289,32
31.31,31
31.33,30
31.351,31
31.371,31
31.393,31
31.413,32
31.433,36
31.451,40
31.467,52
31.484,71
31.499,99
31.517,141
31.533,186
31.55,252
31.566,317
31.586,400
31.601,475
31.617,548
31.633,607
31.648,679
31.664,741
31.68,760
31.695,761
31.711,761
31.727,761
31.742,761
31.758,761
31.774,761
31.789,761
31.81,761
31.831,761
31.851,761
31.873,761
31.893,761
31.914,762
31.935,762
31.955,761
31.976,761
31.996,761
32.017,691
32.038,464
32.058,304
32.08,206
32.101,150
32.122,111
32.142,93
32.163,79
32.184,73
32.206,72
32.227,75
32.248,82
32.268,86
32.289,87
32.309,101
32.33,126
32.351,127
32.371,135
32.392,153
32.412,187
32.432,220
32.448,267
32.463,322
32.484,365
32.505,423
32.525,518
32.546,639
32.567,747
32.588,761
32.609,762
32.628,761
32.644,761
32.66,761
32.676,761
32.697,761
32.718,761
32.739,762
32.76,761
32.78,761
32.801,761
32.821,761
32.842,761
32.864,761
32.884,762
32.905,761
32.925,761
32.946,761
32.967,761
32.987,761
33.004,761
33.02,761
33.037,761
33.054,761
33.071,743
33.087,605
33.105,432
33.12,320
33.137,245
33.153,191
33.173,146
33.188,122
33.204,104
33.22,89
33.235,77
33.251,74
33.266,70
33.282,74
33.298,75
33.313,83
33.329,94
33.345,104
33.36,118
33.378,123
33.393,123
33.411,128
33.426,143
33.444,146
33.46,150
33.478,171
33.493,184
33.509,202
33.525,221
33.54,253
33.556,299
33.572,350
33.587,410
33.603,477
33.618,558
33.634,619
33.65,684
33.667,746
33.683,761
33.701,761
33.717,761
33.733,761
33.75,761
33.767,762
33.783,761
33.798,762
33.814,761
33.83,761
33.845,761
33.867,761
33.887,761
33.908,761
33.929,761
33.95,762
33.971,761
33.992,761
34.012,761
34.028,761
34.044,761
34.065,761
34.085,762
34.106,761
34.127,761
34.148,761
34.169,761
34.199,762
34.219,710
34.24,474
34.261,334
34.282,239
34.302,174
34.323,132
34.344,110
34.365,94
34.387,84
34.407,78
34.424,81
34.44,84
34.458,89
34.474,91
34.491,99
34.507,103
34.524,103
34.54,105
34.557,114
34.573,119
34.59,130
34.606,149
34.624,174
34.639,201
34.657,234
34.673,273
34.69,316
34.706,371
34.723,434
34.739,503
34.757,566
34.773,628
34.79,698
34.806,758
34.823,761
34.839,761
34.856,761
34.872,761
34.889,761
34.906,761
34.924,761
34.939,761
34.957,761
34.972,762
34.991,761
35.006,761
35.024,761
35.039,761
35.057,761
35.072,761
35.09,761
35.106,761
35.123,762
35.139,761
35.158,761
35.174,761
35.19,761
35.205,760
35.226,761
35.242,760
35.258,761
35.273,649
35.289,477
35.305,352
35.32,261
35.336,194
35.357,134
35.378,95
35.4,71
35.421,57
35.442,48
35.463,43
35.485,41
35.506,41
35.527,43
35.548,46
35.569,42
35.59,38
35.612,42
35.632,44
35.65,44
35.666,48
35.684,56
35.699,74
35.716,111
35.732,159
35.75,237
35.765,326
35.783,439
35.798,550
35.816,667
35.832,761
35.849,761
35.864,761
35.882,761
35.898,761
35.916,761
35.931,761
35.948,761
35.964,761
35.982,761
35.998,761
36.016,761
36.032,761
36.049,761
36.065,761
36.082,761
36.098,761
36.115,760
36.131,761
36.149,760
36.165,762
36.183,761
36.199,761
36.216,662
36.232,497
36.25,357
36.266,272
36.283,208
36.298,164
36.316,131
36.331,118
36.349,101
36.365,88
36.382,81
36.398,79
36.415,80
36.431,80
36.449,79
36.464,76
36.481,82
36.497,73
36.515,68
36.531,63
36.548,58
36.564,54
36.581,54
36.597,52
36.615,57
36.631,65
36.648,85
36.664,123
36.681,178
36.697,244
36.714,336
36.73,425
36.747,521
36.763,619
36.78,725
36.796,761
36.815,761
36.83,761
36.847,761
36.863,761
36.88,761
36.896,761
36.914,761
36.929,761
36.946,761
36.962,761
36.98,761
36.996,761
37.015,761
37.031,761
37.047,760
37.062,761
37.078,762
37.094,762
37.109,761
37.125,761
37.14,761
37.156,761
37.172,761
37.198,761
37.216,760
37.232,761
37.249,762
37.264,761
37.282,707
37.297,528
37.315,367
37.331,267
37.349,190
37.365,144
37.381,110
37.397,86
37.415,69
37.431,58
37.448,49
37.464,44
37.481,40
37.496,38
37.515,36
37.53,35
37.548,35
37.564,36
37.581,37
37.597,37
37.614,37
37.63,40
37.647,51
37.663,61
37.68,89
37.696,121
37.713,167
37.729,223
37.747,284
37.762,351
37.78,439
37.796,525
37.813,613
37.829,699
37.846,761
37.862,761
37.88,761
37.896,761
37.913,761
37.928,761
37.946,762
37.962,761
37.979,761
37.995,761
38.012,761
38.028,762
38.045,761
38.061,761
38.079,761
38.095,761
38.112,761
38.128,761
38.145,761
38.161,760
38.18,762
38.195,761
38.213,761
38.229,762
38.246,761
38.262,761
38.279,761
38.295,761
38.312,761
38.328,761
38.346,595
38.361,429
38.381,285
38.396,214
38.412,160
38.433,112
38.454,83
38.475,64
38.495,53
38.512,45
38.528,46
38.546,53
38.561,48
38.579,48
38.595,46
38.612,48
38.628,49
38.645,51
38.661,50
38.68,56
38.695,59
38.712,66
38.728,83
38.745,119
38.761,169
38.778,228
38.794,305
38.812,393
38.827,480
38.845,576
38.86,688
38.877,761
38.893,762
38.911,761
38.927,761
38.945,761
38.96,761
38.977,761
38.993,761
39.011,762
39.027,761
39.044,761
39.059,762
39.077,761
39.093,761
39.11,761
39.126,761
39.143,761
39.159,761
39.177,761
39.192,761
39.21,761
39.226,762
39.243,761
39.259,760
39.276,761
39.291,761
39.31,753
39.325,604
39.343,425
39.358,310
39.376,218
39.391,167
39.409,122
39.425,96
39.442,75
39.458,66
39.478,60
39.494,52
39.509,49
39.525,49
39.541,55
39.556,66
39.577,89
39.598,103
39.619,109
39.639,122
39.662,143
39.683,163
39.703,178
39.724,206
39.744,289
39.766,394
39.786,551
39.808,725
39.828,761
39.849,761
39.87,761
39.89,761
39.911,761
39.932,761
39.951,761
39.968,761
39.983,761
39.999,761
40.015,761
40.03,761
40.046,761
40.062,762
40.077,760
40.093,760
40.108,761
40.124,761
40.14,762
40.155,762
40.171,761
40.187,761
40.207,761
40.223,761
40.24,695
40.256,514
40.273,354
40.289,260
40.307,184
40.323,139
40.34,107
40.356,84
40.373,67
40.389,56
40.406,47
40.422,45
40.439,44
40.455,40
40.472,37
40.488,34
40.506,33
40.522,32
40.539,31
40.554,31
40.572,31
40.588,31
40.605,31
40.621,37
40.639,48
40.654,73
40.672,123
40.688,186
40.705,270
40.721,353
40.738,453
40.754,560
40.772,691
40.787,761
40.805,761
40.82,761
40.838,761
40.854,762
40.871,761
40.886,761
40.904,761
40.92,761
40.938,761
40.953,761
40.971,761
40.986,761
41.003,761
41.02,761
41.037,761
41.053,761
41.071,762
41.086,761
41.104,761
41.119,761
41.137,761
41.153,762
41.187,761
41.203,761
41.219,717
41.235,543
41.25,399
41.266,301
41.282,232
41.297,181
41.313,151
41.329,119
41.344,104
41.36,87
41.375,81
41.407,80
41.424,76
41.44,76
41.457,84
41.473,92
41.494,102
41.509,111
41.53,129
41.551,147
41.572,137
41.592,142
41.613,170
41.633,204
41.654,198
41.671,200
41.687,207
41.704,225
41.72,249
41.738,278
41.753,310
41.771,343
41.786,375
41.804,408
41.82,451
41.837,500
41.853,554
41.871,591
41.887,644
41.904,718
41.92,761
41.937,761
41.953,761
41.971,761
41.986,761
42.004,761
42.019,761
42.037,761
42.053,761
42.07,760
42.085,761
42.103,761
42.119,761
42.136,761
42.152,761
42.169,761
42.185,762
42.203,762
42.219,761
42.236,624
42.252,466
42.269,343
42.284,269
42.302,206
42.318,172
42.335,147
42.351,133
42.368,115
42.384,112
42.401,108
42.417,118
42.435,117
42.451,123
42.469,131
42.485,146
42.501,157
42.517,164
42.534,165
42.55,165
42.568,172
42.583,174
42.601,198
42.617,210
42.634,227
42.649,254
42.668,283
42.684,316
42.701,355
42.716,396
42.734,443
42.749,486
42.767,556
42.783,610
42.801,691
42.816,756
42.833,761
42.849,761
42.866,761
42.882,762
42.9,761
42.916,761
42.934,762
42.949,761
42.967,761
42.983,761
43.001,762
43.017,760
43.034,761
43.051,761
43.069,762
43.084,761
43.102,761
43.117,761
43.136,761
43.152,761
43.168,761
43.184,761
43.202,761
43.217,761
43.234,671
43.25,487
43.27,325
43.286,242
43.301,181
43.317,138
43.333,110
43.348,87
43.364,72
43.38,62
43.395,56
43.411,51
43.427,51
43.442,53
43.458,61
43.474,68
43.489,71
43.505,77
43.52,84
43.536,88
43.552,90
43.573,99
43.589,117
43.605,143
43.62,180
43.636,233
43.651,299
43.667,371
43.683,434
43.698,496
43.714,554
43.73,618
43.745,676
43.761,740
43.779,762
43.794,761
43.812,761
43.828,761
43.845,761
43.861,761
43.879,761
43.894,761
43.912,762
43.927,761
43.945,761
43.96,761
43.978,761
43.994,761
44.012,761
44.027,762
44.044,761
44.06,761
44.078,761
44.093,761
44.111,761
44.127,761
44.146,761
44.162,760
44.181,593
44.199,412
44.215,305
44.232,221
44.248,170
44.265,135
44.281,107
44.299,96
44.314,80
44.332,72
44.348,67
44.365,73
44.381,76
44.399,89
44.414,102
44.434,116
44.449,132
44.465,149
44.485,165
44.506,171
44.528,179
44.548,227
44.569,267
44.59,327
44.611,433
44.632,550
44.653,670
44.675,761
44.695,761
44.716,761
44.737,761
44.757,761
44.778,761
44.798,761
44.819,761
44.84,761
44.86,761
44.881,761
44.901,761
44.922,761
44.943,761
44.964,762
44.984,761
45,761
45.016,760
45.035,761
45.051,761
45.069,761
45.084,761
45.102,761
45.118,761
45.135,761
45.151,761
45.169,656
45.184,470
45.202,327
45.218,252
45.235,183
45.251,144
45.268,110
45.284,92
45.302,74
45.317,64
45.334,58
45.35,55
45.368,53
45.383,53
45.401,52
45.416,56
45.435,57
45.45,58
45.467,58
45.483,57
45.501,61
45.516,61
45.534,70
45.549,80
45.567,96
45.583,112
45.6,129
45.616,164
45.634,198
45.649,234
45.666,283
45.682,343
45.7,421
45.716,479
45.733,555
45.749,632
45.767,728
45.783,761
45.804,761
45.825,761
45.845,760
45.866,761
45.886,761
45.907,761
45.928,761
45.948,762
45.969,761
45.991,761
46.012,761
46.033,761
46.053,761
46.074,761
46.094,761
46.115,761
46.136,761
46.156,761
46.177,579
46.206,315
46.227,215
46.249,148
46.269,108
46.29,82
46.31,65
46.331,56
46.352,50
46.373,48
46.395,48
46.416,51
46.434,55
46.45,59
46.466,56
46.482,54
46.5,58
46.516,62
46.534,66
46.549,73
46.566,86
46.582,109
46.6,137
46.616,173
46.633,215
46.649,268
46.667,340
46.682,406
46.699,476
46.715,548
46.733,645
46.749,720
46.765,760
46.781,761
46.799,761
46.815,761
46.852,761
46.868,761
46.883,761
46.899,761
46.919,761
46.937,761
46.953,761
46.971,762
46.986,761
47.004,761
47.019,761
47.04,761
47.056,761
47.071,761
47.087,761
47.103,761
47.118,761
47.134,761
47.15,647
47.166,480
47.182,361
47.197,277
47.219,200
47.24,149
47.262,122
47.282,111
47.303,102
47.323,92
47.344,94
47.365,106
47.385,126
47.406,129
47.426,125
47.447,124
47.468,140
47.488,140
47.509,137
47.529,156
47.55,205
47.571,240
47.592,250
47.613,276
47.633,324
47.654,382
47.676,447
47.696,517
47.717,626
47.737,704
47.758,761
47.779,761
47.799,761
47.82,761
47.841,761
47.863,761
47.884,760
47.904,761
47.924,761
47.94,761
47.955,761
47.971,761
47.993,761
48.014,760
48.034,761
48.055,761
48.075,761
48.096,761
48.118,761
48.138,761
48.159,533
48.179,361
48.2,248
48.221,178
48.24,136
48.259,107
48.275,92
48.292,81
48.308,76
48.326,70
48.342,71
48.359,70
48.375,74
48.393,85
48.409,91
48.427,100
48.442,103
48.459,104
48.475,111
48.494,107
48.509,116
48.526,123
48.542,123
48.559,120
48.575,127
48.592,137
48.608,152
48.626,185
48.642,232
48.659,285
48.675,347
48.692,409
48.708,482
48.725,561
48.741,655
48.76,739
48.775,761
48.791,762
48.807,761
48.822,761
48.838,761
48.853,761
48.869,761
48.885,761
48.9,761
48.916,761
48.932,760
48.947,761
48.963,761
48.985,762
49,761
49.016,761
49.032,761
49.047,761
49.069,760
49.09,762
49.111,761
49.132,761
49.152,761
49.173,561
49.204,315
49.223,218
49.24,166
49.255,131
49.271,107
49.287,93
49.302,78
49.318,67
49.334,65
49.349,60
49.365,58
49.381,56
49.396,55
49.412,59
49.427,66
49.443,76
49.459,81
49.477,90
49.492,95
49.511,103
49.526,124
49.543,148
49.559,168
49.577,197
49.593,242
49.611,308
49.626,382
49.643,465
49.659,556
49.677,657
49.692,760
49.71,761
49.725,761
49.743,761
49.758,761
49.776,761
49.792,762
49.809,761
49.825,761
49.842,761
49.858,761
49.876,761
49.891,761
49.909,761
49.924,762
49.942,761
49.957,761
49.975,761
49.991,761
50.011,761
50.026,761
50.047,762
50.064,761
50.08,761
50.098,760
50.114,761
50.131,761
50.147,761
50.166,761
50.181,625
50.202,415
50.223,283
50.238,214
50.254,168
50.27,137
50.285,118
50.306,106
50.326,94
50.347,97
50.363,102
50.378,111
50.394,119
50.41,134
50.425,149
50.441,155
50.456,166
50.472,170
50.488,179
50.503,186
50.519,199
50.537,222
50.553,251
50.57,291
50.586,325
50.604,369
50.619,419
50.637,481
50.653,537
50.67,596
50.686,660
50.704,713
50.719,761
50.737,761
50.753,761
50.77,761
50.786,761
50.803,761
50.819,761
50.837,761
50.852,761
50.87,760
50.885,761
50.903,762
50.918,761
50.935,761
50.951,761
50.969,761
50.985,761
51.002,761
51.018,761
51.036,761
51.051,761
51.068,761
51.084,761
51.102,761
51.118,659
51.138,438
51.154,319
51.169,241
51.185,181
51.205,131
51.222,102
51.238,83
51.258,68
51.273,59
51.294,51
51.31,47
51.326,45
51.346,45
51.361,45
51.377,44
51.393,45
51.408,46
51.424,49
51.445,53
51.46,56
51.476,61
51.492,67
51.507,84
51.523,105
51.539,131
51.554,170
51.575,217
51.596,271
51.616,339
51.637,424
51.659,500
51.68,574
51.701,642
51.721,708
51.742,754
51.763,761
51.783,761
51.804,761
51.824,761
51.845,761
51.865,761
51.887,761
51.909,761
51.929,761
51.951,761
51.972,761
51.993,761
52.014,761
52.035,761
52.056,761
52.076,761
52.097,760
52.118,564
52.136,391
52.152,286
52.169,209
52.187,152
52.203,118
52.221,96
52.237,82
52.254,71
52.27,63
52.288,56
52.303,53
52.321,51
52.337,55
52.357,56
52.373,62
52.388,59
52.404,61
52.425,55
52.445,52
52.466,50
52.487,50
52.507,51
52.529,52
52.549,64
52.57,95
52.591,133
52.611,171
52.632,233
52.652,313
52.673,403
52.693,489
52.714,563
52.735,649
52.755,741
52.777,761
52.797,761
52.818,761
52.84,761
52.86,761
52.881,761
52.902,761
52.922,761
52.943,761
52.964,761
52.986,761
53.007,762
53.027,761
53.048,761
53.068,761
53.089,761
53.11,761
53.13,677
53.151,459
53.171,304
53.192,203
53.213,143
53.234,105
53.255,81
53.275,63
53.296,56
53.317,53
53.337,58
53.358,63
53.378,77
53.399,103
53.415,106
53.43,101
53.446,94
53.462,92
53.477,100
53.493,111
53.509,136
53.524,161
53.54,202
53.556,246
53.571,303
53.587,369
53.604,448
53.62,529
53.64,621
53.655,698
53.676,762
53.697,761
53.718,760
53.738,761
53.759,761
53.78,761
53.801,761
53.821,761
53.843,757
53.864,757
53.884,761
53.906,760
53.927,762
53.947,761
53.968,761
53.989,761
54.01,761
54.031,761
54.052,666
54.073,440
54.093,293
54.114,198
54.135,139
54.155,100
54.176,76
54.196,61
54.217,50
54.237,44
54.258,41
54.279,40
54.299,38
54.32,39
54.341,52
54.363,44
54.384,40
54.405,39
54.426,38
54.442,36
54.457,36
54.473,35
54.489,37
54.504,40
54.525,43
54.545,44
54.566,50
54.586,68
54.607,92
54.628,114
54.649,177
54.67,279
54.69,354
54.711,425
54.733,498
54.753,580
54.774,661
54.794,739
54.809,761
54.825,761
54.841,761
54.856,761
54.873,761
54.888,761
54.905,761
54.921,761
54.936,762
54.952,760
54.968,761
54.983,761
54.999,761
55.015,674
55.03,489
55.046,361
55.061,262
55.077,199
55.093,150
55.108,118
55.129,90
55.144,73
55.16,64
55.176,54
55.191,50
55.207,44
55.223,41
55.238,38
55.254,37
55.27,36
55.285,34
55.301,43
55.317,40
55.332,38
55.352,37
55.369,35
55.385,36
55.4,35
55.416,36
55.431,42
55.447,49
55.463,69
55.478,106
55.499,186
55.52,284
55.54,399
55.561,497
55.581,582
55.602,667
55.623,760
55.643,761
55.664,761
55.685,761
55.706,761
55.727,761
55.747,761
55.768,761
55.789,761
55.807,761
55.823,762
55.84,761
55.855,761
55.873,761
55.889,761
55.906,761
55.922,761
55.94,761
55.956,761
55.972,761
55.989,598
56.007,421
56.023,303
56.04,219
56.056,162
56.074,122
56.089,96
56.106,77
56.122,67
56.14,65
56.156,62
56.173,65
56.189,71
56.206,81
56.222,95
56.239,113
56.255,129
56.272,139
56.288,146
56.306,149
56.322,153
56.341,154
56.357,169
56.373,186
56.394,205
56.417,225
56.432,249
56.456,318
56.472,361
56.501,477
56.519,572
56.535,648
56.553,746
56.569,761
56.585,762
56.601,761
56.618,761
56.634,761
56.652,761
56.668,761
56.685,761
56.701,761
56.718,761
56.734,761
56.751,761
56.767,761
56.785,761
56.8,762
56.818,761
56.834,761
56.852,761
56.868,761
56.884,761
56.9,761
56.918,670
56.934,487
56.951,348
56.966,250
56.984,182
57,139
57.017,104
57.033,83
57.05,66
57.066,56
57.083,47
57.099,42
57.117,38
57.133,36
57.15,38
57.165,40
57.184,45
57.199,55
57.217,81
57.232,117
57.25,156
57.265,200
57.284,256
57.299,332
57.316,432
57.331,538
57.349,660
57.364,761
57.382,761
57.398,761
57.416,762
57.431,762
57.448,761
57.464,761
57.482,761
57.498,761
57.516,761
57.531,761
57.548,761
57.564,761
57.582,761
57.597,761
57.617,761
57.633,761
57.654,761
57.67,761
57.685,761
57.701,761
57.722,761
57.743,761
57.763,761
57.784,761
57.805,761
57.825,638
57.846,416
57.866,274
57.888,185
57.91,131
57.93,99
57.95,80
57.965,67
57.981,58
57.996,55
58.012,51
58.028,51
58.043,49
58.059,50
58.075,50
58.09,49
58.106,48
58.122,44
58.137,46
58.153,49
58.169,52
58.186,51
58.202,51
58.219,53
58.235,52
58.253,60
58.269,70
58.286,81
58.302,114
58.319,144
58.335,170
58.352,197
58.368,221
58.386,255
58.401,290
58.419,342
58.434,389
58.452,443
58.467,494
58.486,535
58.501,568
58.518,620
58.534,675
58.552,742
58.567,761
58.584,761
58.601,761
58.619,762
58.635,761
58.652,761
58.668,761
58.685,761
58.701,761
58.719,761
58.735,761
58.752,607
58.768,434
58.785,303
58.801,225
58.818,164
58.834,123
58.851,96
58.867,76
58.885,61
58.9,53
58.918,45
58.933,41
58.95,39
58.966,37
58.985,35
59,34
59.017,35
59.033,34
59.05,34
59.066,35
59.084,37
59.1,39
59.117,44
59.133,49
59.15,68
59.166,104
59.183,164
59.199,242
59.216,342
59.232,436
59.25,543
59.266,618
59.283,693
59.299,755
59.316,761
59.332,761
59.349,761
59.365,761
59.383,762
59.398,761
59.416,761
59.432,761
59.448,761
59.464,761
59.482,761
59.498,761
59.515,760
59.531,761
59.549,761
59.564,761
59.582,761
59.598,761
59.615,761
59.631,761
59.651,761
59.666,761
59.682,761
59.698,761
59.713,761
59.734,762
59.755,761
59.775,573
59.795,368
59.813,262
59.829,186
59.847,138
59.863,109
59.881,84
59.896,68
59.913,57
59.929,49
59.947,43
59.963,41
59.98,38
59.996,36
60.014,35
60.03,35
60.046,36
60.062,37
60.08,39
60.096,43
60.113,46
60.129,54
60.146,72
60.162,100
60.179,144
60.195,192
60.213,262
60.229,328
60.246,411
60.262,494
60.282,610
60.298,710
60.319,761
60.335,761
60.35,761
60.366,760
60.382,760
60.402,761
60.424,761
60.445,761
60.464,761
60.48,761
60.496,760
60.511,761
60.527,761
60.543,761
60.558,761
60.574,761
60.59,761
60.605,761
60.621,761
60.637,761
60.652,761
60.668,761
60.684,761
60.699,761
60.715,761
60.73,761
60.746,761
60.762,761
60.777,761
60.795,642
60.811,460
60.83,309
60.846,225
60.862,169
60.877,128
60.893,101
60.909,80
60.924,66
60.94,56
60.956,48
60.971,44
60.987,42
61.008,47
61.024,55
61.039,61
61.055,67
61.071,68
61.086,69
61.108,84
61.127,98
61.143,118
61.159,153
61.175,208
61.193,282
61.208,362
61.224,440
61.24,529
61.255,617
61.271,708
61.292,761
61.312,762
61.333,761
61.353,761
61.371,761
61.386,761
61.405,761
61.42,761
61.438,761
61.453,762
61.47,761
61.486,761
61.503,761
61.519,761
61.537,761
61.552,761
61.571,761
61.586,761
61.603,761
61.619,761
61.636,761
61.652,761
61.67,761
61.686,761
61.703,760
61.719,691
61.736,478
61.752,347
61.769,248
61.785,184
61.802,136
61.818,106
61.836,80
61.851,66
61.869,55
61.885,47
61.902,41
61.918,38
61.935,35
61.951,34
61.968,32
61.985,32
62.002,31
62.018,30
62.036,31
62.052,31
62.069,31
62.085,32
62.102,35
62.118,40
62.135,55
62.152,87
62.17,151
62.186,224
62.202,319
62.218,424
62.236,555
62.252,676
62.269,762
62.285,761
62.303,761
62.318,761
62.336,760
62.352,761
62.369,761
62.385,761
62.402,761
62.417,762
62.435,761
62.451,761
62.469,761
62.485,761
62.502,761
62.517,761
62.535,761
62.551,761
62.568,760
62.583,761
62.601,761
62.617,761
62.635,761
62.65,761
62.667,761
62.683,761
62.7,728
62.716,538
62.734,368
62.75,270
62.767,196
62.783,148
62.801,110
62.817,87
62.834,69
62.849,58
62.867,49
62.882,43
62.9,39
62.916,37
62.933,34
62.949,34
62.967,32
62.983,32
62.999,32
63.015,30
63.033,30
63.049,31
63.066,32
63.082,32
63.099,41
63.114,73
63.132,157
63.148,283
63.166,459
63.181,620
63.199,761
63.214,761
63.232,761
63.247,761
63.265,761
63.281,761
63.298,761
63.314,761
63.331,761
63.348,761
63.365,761
63.381,761
63.398,761
63.414,762
63.431,761
63.447,761
63.464,761
63.48,761
63.498,761
63.513,761
63.532,761
63.548,761
63.565,761
63.58,761
63.598,761
63.614,761
63.631,761
63.647,761
63.665,658
63.681,483
63.697,371
63.713,278
63.731,207
63.747,165
63.764,136
63.78,117
63.798,113
63.813,104
63.831,100
63.846,104
63.864,109
63.879,117
63.898,123
63.913,142
63.931,159
63.946,172
63.963,176
63.979,180
63.997,188
64.012,186
64.03,191
64.045,202
64.063,217
64.079,269
64.096,291
64.112,340
64.13,390
64.145,453
64.163,542
64.179,621
64.206,761
64.221,761
64.238,761
64.254,761
64.27,761
64.291,761
64.307,761
64.323,761
64.343,761
64.359,761
64.376,761
64.392,761
64.409,761
64.424,761
64.443,761
64.458,761
64.476,761
64.491,760
64.508,761
64.524,761
64.542,761
64.557,761
64.575,761
64.591,760
64.608,762
64.624,670
64.642,499
64.658,379
64.676,285
64.692,237
64.709,209
64.725,186
64.743,147
64.759,127
64.776,114
64.792,115
64.809,117
64.825,118
64.845,125
64.86,131
64.876,136
64.892,130
64.907,124
64.923,116
64.939,108
64.954,106
64.97,114
64.986,141
65.001,189
65.017,248
65.033,328
65.048,398
65.064,473
65.08,546
65.095,608
65.115,677
65.132,742
65.148,761
65.166,761
65.182,761
65.199,761
65.215,761
65.233,761
65.248,761
65.265,761
65.281,761
65.299,761
65.314,761
65.332,760
65.347,761
65.365,761
65.38,761
65.398,761
65.413,761
65.431,760
65.447,761
65.464,761
65.48,760
65.498,761
65.514,761
65.531,618
65.547,449
65.564,320
65.58,234
65.6,162
65.615,123
65.631,98
65.647,78
65.662,64
65.678,55
65.694,49
65.709,44
65.731,43
65.747,44
65.762,49
65.778,52
65.794,62
65.809,60
65.825,61
65.841,61
65.856,60
65.872,64
65.887,68
65.903,86
65.921,126
65.936,179
65.954,258
65.97,317
65.987,410
66.003,493
66.02,591
66.036,689
66.053,762
66.069,761
66.086,762
66.102,761
66.119,761
66.135,761
66.152,761
66.169,762
66.187,761
66.203,761
66.22,761
66.236,761
66.254,762
66.269,761
66.287,761
66.303,761
66.32,761
66.336,761
66.353,761
66.369,761
66.387,761
66.402,761
66.42,761
66.436,761
66.452,735
66.468,608
66.485,448
66.501,343
66.52,257
66.535,208
66.552,170
66.568,155
66.586,141
66.602,130
66.618,120
66.634,120
66.651,122
66.667,137
66.685,151
66.701,171
66.72,199
66.736,213
66.752,225
66.767,224
66.788,232
66.81,281
66.83,307
66.85,303
66.865,305
66.881,323
66.896,358
66.912,394
66.934,423
66.955,470
66.975,563
66.996,667
67.016,751
67.031,761
67.047,762
67.068,761
67.088,761
67.109,761
67.13,761
67.15,761
67.172,761
67.204,762
67.225,761
67.246,762
67.266,761
67.287,761
67.307,761
67.329,761
67.35,761
67.371,761
67.392,761
67.412,761
67.433,566
67.454,388
67.475,287
67.497,220
67.517,176
67.538,149
67.559,153
67.579,147
67.601,131
67.621,136
67.642,171
67.664,186
67.684,177
67.705,170
67.725,207
67.748,197
67.768,228
67.784,258
67.805,262
67.826,306
67.846,338
67.867,358
67.888,396
67.909,471
67.931,542
67.951,623
67.972,722
67.994,762
